v 0.211864 -0.955459 1.494900
v 0.095668 -1.043875 1.519805
v 0.175215 -1.047842 1.480627
v 0.111005 -0.939121 1.569959
v 0.304380 -0.982487 1.425918
v 0.253523 -1.059318 1.419429
v 0.085788 -1.184662 1.347551
v 0.097542 -1.269401 1.308078
v 0.198806 -1.234644 1.275306
v 0.170642 -1.169576 1.330058
v 0.263390 -1.135595 1.273721
v 0.311287 -1.176083 1.229081
v 0.392999 -1.111421 1.199749
v 0.336404 -1.101550 1.230501
v 0.381791 -1.068444 1.262336
v 0.444488 -1.065381 1.213790
v 0.435608 -1.024661 1.265427
v 0.366991 -1.058414 1.288730
v 0.328510 -1.056104 1.343313
v 0.390221 -1.006739 1.345003
v 0.083017 -1.088652 1.469823
v 0.156987 -1.092368 1.442770
v 0.218614 -1.098611 1.399699
v 0.073917 -1.111764 1.332357
v 0.147339 -1.111903 1.317483
v 0.218662 -1.103484 1.280222
v 0.295645 -1.088083 1.257127
v 0.321188 -1.085747 1.256791
v 0.320295 -1.093807 1.309996
v 0.299389 -1.096989 1.346626
v 0.219709 -0.852785 1.486237
v 0.111088 -0.826934 1.552055
v 0.343166 -0.888472 1.411380
v 0.104124 -1.320588 1.245521
v 0.217729 -1.278317 1.212318
v 0.359199 -1.209564 1.184783
v 0.459873 -1.124519 1.169508
v 0.502732 -1.060155 1.192652
v 0.503146 -0.993356 1.234291
v 0.451212 -0.936660 1.327519
v 0.232501 -0.709847 1.485011
v 0.107242 -0.653002 1.572055
v 0.372934 -0.775000 1.392592
v 0.113684 -1.378108 1.164567
v 0.247025 -1.332639 1.146074
v 0.411670 -1.246109 1.124288
v 0.533742 -1.141949 1.128620
v 0.589352 -1.059022 1.156586
v 0.594056 -0.966628 1.201024
v 0.524398 -0.859510 1.292581
v 0.242050 -0.569624 1.512575
v 0.100260 -0.489991 1.674160
v 0.422459 -0.662517 1.387474
v 0.120557 -1.457510 1.111253
v 0.275496 -1.396993 1.088720
v 0.474857 -1.301987 1.063314
v 0.616349 -1.177663 1.064478
v 0.702713 -1.044291 1.098875
v 0.709420 -0.918279 1.158721
v 0.621427 -0.765107 1.267346
v 0.263056 -0.434481 1.503686
v 0.106153 -0.368436 1.634459
v 0.277731 -0.305195 1.432576
v 0.115560 -0.252737 1.514460
v 0.286834 -0.186860 1.352577
v 0.121266 -0.112323 1.390017
v 0.316632 -0.012150 1.263689
v 0.142572 0.077673 1.367795
v 0.304892 0.331237 1.351651
v 0.198336 0.385841 1.449584
v 0.384136 0.624730 1.408749
v 0.236490 0.682269 1.508225
v 0.476586 0.017688 1.160295
v 0.413485 0.314605 1.257516
v 0.492728 0.583641 1.309985
v 0.720185 -0.224932 1.151690
v 0.765187 -0.153516 1.066962
v 1.153087 -0.298306 0.978358
v 1.102704 -0.170636 0.946963
v 1.395219 -0.239607 0.722361
v 1.305704 -0.077697 0.789632
v 1.608001 -0.036608 0.394364
v 1.462233 0.073941 0.650966
v 1.708278 0.352270 0.341031
v 1.574739 0.323410 0.544301
v 1.757194 0.728920 0.415697
v 1.626100 0.619349 0.587856
v 1.593327 1.117798 0.778360
v 1.457341 0.876155 0.850964
v 1.087051 1.210737 1.221023
v 1.068463 0.988661 1.160295
v 0.610125 1.110460 1.477020
v 0.692629 0.890015 1.341626
v 0.569697 0.036119 1.097903
v 0.286383 1.090224 1.600384
v 0.507895 0.308708 1.180030
v 0.593143 0.527682 1.226223
v 0.799335 -0.115272 1.014261
v 1.088241 -0.091482 0.919419
v 1.235050 -0.003126 0.827564
v 1.357043 0.119258 0.747549
v 1.437719 0.292921 0.669418
v 1.550156 0.455335 0.625489
v 1.357434 0.662437 0.864879
v 1.056333 0.765533 1.095681
v 0.758916 0.724836 1.212281
v 0.507922 -0.545609 1.354799
v 0.597328 -0.402735 1.292577
v 0.667577 -0.304782 1.230356
v 0.722789 -0.672648 1.250356
v 0.876737 -0.553552 1.203689
v 1.028511 -0.440313 1.125912
v 0.130435 -1.558119 1.053476
v 0.303667 -1.486627 1.002055
v 0.570710 -1.375157 0.932204
v 0.756104 -1.227053 0.966702
v 0.858932 -1.024169 1.074430
v 0.867468 -0.852426 1.143166
v 0.148874 -1.684557 0.997921
v 0.340544 -1.597260 0.897611
v 0.678710 -1.454181 0.716650
v 0.885177 -1.242858 0.840036
v 1.048589 -0.968104 0.998876
v 1.057125 -0.749695 1.100944
v 1.342382 -0.841172 0.677990
v 1.347494 -0.544097 0.859435
v 1.230539 -0.649696 1.009834
v 1.228588 -0.914771 0.869988
v 1.076151 -1.189525 0.675593
v 0.893830 -1.378626 0.489986
v 1.218394 -1.106326 0.461195
v 1.010785 -1.289027 0.294788
v 1.424567 -0.744913 0.522064
v 1.458127 -0.448098 0.676930
v 1.297418 -1.019666 0.321682
v 1.171994 -1.189981 0.144695
v 1.487786 -0.581975 0.153195
v 1.552956 -0.336099 0.251441
v 1.363798 -0.850328 -0.015600
v 1.263662 -1.036229 -0.134008
v 0.148874 -1.746893 0.841741
v 0.340544 -1.667596 0.680099
v 0.561122 -1.567182 0.483138
v 0.711759 -1.472961 0.304473
v 0.836301 -1.370029 0.127941
v 1.016475 -1.246830 -0.070457
v 1.101151 -1.114564 -0.276855
v 0.167107 -1.628494 0.406816
v 0.263968 -1.591863 0.321382
v 0.371504 -1.547449 0.198187
v 0.478383 -1.493227 0.113755
v 0.646683 -1.403628 -0.036111
v 0.794039 -1.307096 -0.199842
v 0.945810 -1.172164 -0.403574
v 0.174096 -1.593269 0.204189
v 0.248850 -1.561297 0.184590
v 0.336027 -1.543302 0.136325
v 0.428335 -1.496760 0.062889
v 0.604782 -1.415763 -0.084309
v 0.722436 -1.337201 -0.246808
v 0.831760 -1.198583 -0.490883
v 1.606454 1.556940 0.792648
v 1.108930 1.532194 1.259422
v 0.680138 1.524985 1.512220
v 0.325766 1.525452 1.638784
v 1.584575 1.963336 0.805448
v 1.139561 1.960991 1.243423
v 0.706393 1.963381 1.483420
v 0.369524 1.963848 1.609984
v 1.510187 2.322151 0.805448
v 1.135185 2.332933 1.166623
v 0.719520 2.352827 1.400221
v 0.382651 2.375172 1.497985
v 1.422671 2.619705 0.789448
v 1.143937 2.713627 0.952225
v 0.758902 2.825412 1.115423
v 0.400154 2.882764 1.184388
v 1.682400 0.043018 -0.050212
v 1.778291 0.425260 0.035800
v 1.857837 0.808545 0.143643
v 1.882129 1.164246 0.234252
v 1.531540 -0.449265 -0.165307
v 1.596720 -0.216660 -0.120145
v 1.390053 -0.750796 -0.267748
v 1.263662 -0.903520 -0.339707
v 1.895257 1.570211 0.301624
v 1.855874 1.963336 0.347601
v 1.763983 2.335422 0.387414
v 1.527690 2.785591 0.457675
v 1.671600 0.110908 -0.412704
v 1.185944 3.112700 0.556709
v 0.779906 3.276994 0.620068
v 0.426409 3.350099 0.639113
v 1.264363 -0.909971 -0.547803
v 1.826840 0.481631 -0.311333
v 1.938760 0.857236 -0.241889
v 1.979240 1.201417 -0.185840
v 1.517301 -0.389055 -0.504760
v 1.596280 -0.164130 -0.478797
v 1.430839 -0.640666 -0.553441
v 2.019340 1.592022 -0.137668
v 2.006935 1.973627 -0.107051
v 1.909648 2.391792 -0.086438
v 1.614010 2.922601 -0.035376
v 1.212919 3.338028 0.017578
v 0.779906 3.540723 0.038697
v 0.426409 3.609988 0.053903
v 1.671600 0.161227 -0.694048
v 1.057194 -0.942595 -0.769243
v 1.826840 0.504302 -0.643364
v 1.938760 0.870691 -0.606176
v 2.033180 1.219480 -0.582382
v 1.517301 -0.357168 -0.767672
v 1.596280 -0.127635 -0.732493
v 1.430839 -0.599563 -0.784097
v 2.067900 1.591653 -0.557250
v 2.066280 1.977866 -0.549673
v 1.990573 2.409855 -0.556708
v 1.705725 2.986744 -0.556334
v 1.234499 3.411387 -0.558675
v 0.779906 3.650945 -0.546771
v 0.426409 3.738642 -0.554606
v 1.671600 0.186442 -1.034005
v 1.063668 -0.878674 -0.976491
v 1.826840 0.501869 -0.999910
v 1.938760 0.857199 -0.979310
v 2.033180 1.211517 -0.994223
v 1.420191 -0.354071 -1.041274
v 1.543500 -0.102420 -1.050332
v 1.338505 -0.596467 -1.018993
v 2.067900 1.578161 -0.991209
v 2.066280 1.964374 -1.016809
v 1.990573 2.401893 -1.029373
v 1.705725 2.967722 -1.073236
v 1.234499 3.403425 -1.092166
v 0.779906 3.642983 -1.080263
v 0.426409 3.730680 -1.088097
v 1.638720 0.178103 -1.311382
v 1.005402 -0.836325 -1.143276
v 1.794480 0.517123 -1.323366
v 1.906400 0.839645 -1.339630
v 1.987880 1.193963 -1.372975
v 1.316607 -0.339370 -1.244924
v 1.494079 -0.096935 -1.281629
v 1.228210 -0.577158 -1.194995
v 1.996680 1.542175 -1.388394
v 1.995065 1.923780 -1.413993
v 1.912885 2.365907 -1.463421
v 1.615089 2.913304 -1.534931
v 1.195655 3.316751 -1.595333
v 0.779906 3.524053 -1.634117
v 0.426409 3.625574 -1.632735
v 1.553880 0.178103 -1.623248
v 0.934188 -0.796512 -1.302528
v 1.684420 0.490582 -1.675045
v 1.809280 0.806467 -1.737758
v 1.838960 1.147515 -1.771103
v 1.200075 -0.346005 -1.477165
v 1.358598 -0.096935 -1.553683
v 1.110731 -0.577158 -1.394058
v 1.854260 1.489091 -1.799792
v 1.865585 1.897238 -1.845298
v 1.763983 2.326094 -1.907997
v 1.530927 2.813773 -1.979507
v 1.195655 3.170771 -2.066450
v 0.773432 3.318354 -2.098599
v 0.426409 3.413239 -2.117124
v 1.379793 0.139212 -1.932719
v 0.843552 -0.747852 -1.441504
v 1.535821 0.442474 -2.035204
v 1.594224 0.744536 -2.116348
v 1.662986 1.067152 -2.195772
v 1.147204 -0.352641 -1.717516
v 1.277582 -0.119237 -1.841035
v 1.000199 -0.565361 -1.588330
v 1.674245 1.436376 -2.261325
v 1.643637 1.821483 -2.297615
v 1.552630 2.241123 -2.360314
v 1.388499 2.659682 -2.413393
v 1.163285 2.942953 -2.477296
v 0.766958 3.062889 -2.527877
v 0.413461 3.120910 -2.551009
v 1.299024 0.106964 -2.193714
v 0.611247 -0.719275 -1.558730
v 1.390870 0.393637 -2.323846
v 1.464749 0.695699 -2.454756
v 1.490262 1.012786 -2.550770
v 1.033494 -0.346182 -1.912156
v 1.160200 -0.134897 -2.074382
v 0.833968 -0.558903 -1.738734
v 1.499216 1.343302 -2.638440
v 1.461873 1.756058 -2.674730
v 1.424216 2.170168 -2.682134
v 1.349655 2.467077 -2.652269
v 1.143863 2.562343 -2.804645
v 0.741062 2.632513 -2.882874
v 0.381091 2.665652 -2.923517
v 0.896143 -1.096502 -0.755484
v 1.057482 0.082634 -2.412684
v 0.389731 -0.710428 -1.611814
v 1.124784 0.347189 -2.564935
v 1.166162 0.627133 -2.706904
v 1.192885 0.927630 -2.830565
v 0.833214 -0.362218 -2.052791
v 0.955877 -0.156462 -2.242665
v 0.611604 -0.555585 -1.830524
v 1.184847 1.285795 -2.923765
v 1.182293 1.698550 -2.971114
v 1.157902 2.156897 -2.934281
v 0.730432 2.160786 -3.061250
v 0.389788 2.164101 -3.142853
v 0.745894 1.671191 -3.115650
v 0.390754 1.664905 -3.203652
v 0.754591 1.254593 -3.070850
v 0.396553 1.236109 -3.162052
v 0.386889 0.870236 -3.069893
v 0.750725 0.896745 -2.974083
v 0.375293 0.548716 -2.927047
v 0.739129 0.588012 -2.854276
v 0.352100 0.294241 -2.788808
v 0.710138 0.311534 -2.697605
v 0.311513 0.059235 -2.618313
v 0.669551 0.061514 -2.522503
v 0.253531 -0.164174 -2.429387
v 0.611570 -0.172301 -2.347401
v 0.195550 -0.369305 -2.157517
v 0.518799 -0.375051 -2.126219
v 0.132737 -0.567447 -1.963983
v 0.373846 -0.573193 -1.932684
v 0.055428 -0.733333 -1.742801
v 0.180574 -0.739080 -1.711502
v 0.902943 -1.025625 -0.932929
v 0.872057 -0.950098 -1.108573
v 0.835292 -0.899226 -1.241250
v 0.765298 -0.867155 -1.356872
v 0.566955 -0.829866 -1.498333
v 0.369599 -0.798901 -1.579602
v 0.043348 -0.810747 -1.634085
v 0.148362 -0.777787 -1.626946
v 0.168188 -1.579707 -0.008399
v 0.223115 -1.556214 -0.022799
v 0.287172 -1.542992 -0.058264
v 0.354999 -1.508794 -0.112223
v 0.484650 -1.449278 -0.220383
v 0.571100 -1.391552 -0.339785
v 0.651430 -1.289697 -0.519128
v 0.698737 -1.214690 -0.713553
v 0.703734 -1.162610 -0.843937
v 0.681040 -1.107114 -0.972998
v 0.654025 -1.069734 -1.070487
v 0.602595 -1.046168 -1.155444
v 0.456855 -1.018769 -1.259388
v 0.311840 -0.996016 -1.319103
v 0.072116 -1.004721 -1.359137
v 0.149278 -0.980502 -1.353891
v 0.097072 -1.868829 -0.197796
v 0.149594 -1.864629 -0.210910
v 0.210845 -1.854285 -0.243205
v 0.275701 -1.838548 -0.292343
v 0.399673 -1.807002 -0.390836
v 0.482337 -1.772178 -0.499568
v 0.559148 -1.719872 -0.662884
v 0.604384 -1.663167 -0.839934
v 0.609162 -1.625139 -0.958666
v 0.587461 -1.587498 -1.076194
v 0.561630 -1.559065 -1.164971
v 0.512452 -1.534286 -1.242336
v 0.373096 -1.503971 -1.336990
v 0.234433 -1.486555 -1.391369
v 0.005208 -1.474878 -1.427825
v 0.078991 -1.476408 -1.423048
v 0.068668 -2.276796 -0.324434
v 0.120319 -2.272666 -0.337331
v 0.180553 -2.262493 -0.369090
v 0.244333 -2.247017 -0.417412
v 0.366249 -2.215995 -0.514272
v 0.447542 -2.181748 -0.621200
v 0.523078 -2.130310 -0.781807
v 0.567563 -2.074545 -0.955920
v 0.572262 -2.037149 -1.072682
v 0.550922 -2.000132 -1.188260
v 0.525519 -1.972171 -1.275564
v 0.477157 -1.947803 -1.351646
v 0.340113 -1.917990 -1.444730
v 0.203750 -1.900863 -1.498207
v 0.050887 -1.890885 -1.529360
v 0.530562 0.342403 1.185471
v 1.367162 0.194226 0.737573
v 1.405758 0.327026 0.759754
v 1.398802 0.471398 0.808984
v 1.277467 0.587940 0.962183
v 1.031926 0.664505 1.106110
v 0.794913 0.623685 1.172363
v 1.044129 0.715019 1.220894
v 1.317451 0.625188 1.033530
v 0.519229 0.325555 1.182750
v 0.617577 0.520895 1.281514
v 1.474478 0.463366 0.837236
v 1.421739 0.309973 0.759030
v 0.776914 0.674261 1.290099
v 1.373022 0.156742 0.742561
v 0.795841 0.400542 0.750787
v 0.903710 0.604048 1.112153
v 0.883689 0.463791 1.045945
v 1.028788 0.567531 1.071915
v 1.060247 0.640473 1.062434
v 0.948531 0.444860 1.025085
v 1.117195 0.460317 1.026682
v 1.172531 0.504303 1.004986
v 0.994362 0.389279 1.001636
v 1.145244 0.311134 0.988575
v 1.208155 0.314830 0.956586
v 1.008903 0.311941 0.981881
v 1.105419 0.159957 0.967804
v 1.157574 0.122822 0.930206
v 0.988257 0.233569 0.971113
v 1.008390 0.047291 0.969935
v 1.034340 -0.020271 0.932912
v 0.937956 0.175162 0.972218
v 0.880157 0.003328 0.994397
v 0.871474 -0.076108 0.963980
v 0.871479 0.152371 0.984899
v 0.755079 0.039845 1.034635
v 0.712616 -0.029728 1.015086
v 0.806637 0.171302 1.005759
v 0.887865 0.304934 1.042543
v 0.666672 0.147059 1.079867
v 0.600331 0.106442 1.072535
v 0.760806 0.226883 1.029208
v 0.638623 0.296242 1.117975
v 0.564707 0.295915 1.120934
v 0.746265 0.304221 1.048963
v 0.678449 0.447420 1.138745
v 0.615289 0.487923 1.147314
v 0.766911 0.382593 1.059731
v 0.775477 0.560085 1.136615
v 0.738523 0.631016 1.144608
v 0.817212 0.441000 1.058626
v 0.901389 0.686853 1.113540
v 0.884997 0.305812 1.034977
v 1.060133 0.621905 1.082967
v 1.167038 0.492258 1.028270
v 1.200956 0.311862 0.982190
v 1.152797 0.129053 0.957073
v 1.035467 -0.007185 0.959650
v 0.880404 -0.060347 0.989230
v 0.729156 -0.016189 1.037887
v 0.622251 0.113458 1.092583
v 0.588334 0.293854 1.138664
v 0.636492 0.476663 1.163781
v 0.753822 0.612901 1.161204
v 0.908886 0.666063 1.131624
v 1.043706 0.626934 1.039633
v 1.150611 0.497287 0.984936
v 1.184528 0.316891 0.938856
v 1.136370 0.134082 0.913739
v 1.019040 -0.002155 0.916316
v 0.863977 -0.055318 0.945896
v 0.712729 -0.011160 0.994553
v 0.605824 0.118487 1.049249
v 0.571907 0.298883 1.095330
v 0.620065 0.481692 1.120446
v 0.737395 0.617930 1.117870
v 0.892459 0.671092 1.088290
v 1.567460 -0.464169 -0.740985
v 1.518106 -0.684460 -0.747425
v 1.542780 -0.574314 -0.703148
v 1.744020 -0.607451 -0.838346
v 1.542780 -0.574314 -0.785262
v 1.447508 -0.578871 -0.711493
v 1.913760 -0.287828 -0.953140
v 1.736740 -0.509271 -0.891965
v 1.729460 -0.411091 -0.839242
v 1.736740 -0.509271 -0.785623
v 2.209520 -0.081640 -1.030556
v 1.956600 -0.333569 -0.902295
v 1.999440 -0.379310 -0.955540
v 1.956600 -0.333569 -1.006385
v 2.219160 0.206074 -1.028761
v 2.154180 -0.081009 -1.075829
v 2.098840 -0.080378 -1.022584
v 2.154180 -0.081009 -0.977311
v 2.081160 0.369626 -0.841074
v 2.168240 0.185351 -0.975516
v 2.219160 0.206074 -0.934968
v 2.270080 0.226796 -0.988213
v 1.904860 0.468361 -0.716134
v 2.109060 0.408340 -0.804466
v 2.136940 0.447053 -0.857711
v 2.109060 0.408340 -0.894319
v 1.680820 0.199793 -0.604276
v 1.913380 0.422174 -0.750321
v 1.921880 0.375986 -0.703451
v 1.913380 0.422174 -0.669264
v 1.713460 0.325365 -0.604276
v 1.764920 0.354423 -0.576553
v 1.759700 0.403500 -0.623422
v 1.764920 0.354423 -0.667121
v 1.722260 0.034129 -0.722321
v 1.803860 0.244918 -0.654586
v 1.742340 0.222356 -0.672721
v 1.742340 0.222356 -0.586141
v 1.729980 -0.071110 -0.728196
v 1.636060 0.013158 -0.644276
v 1.722260 0.034129 -0.644486
v 1.808460 0.055099 -0.722531
v 1.901600 0.059141 -1.056978
v 1.638900 -0.555775 -0.734103
v 1.561280 -0.491705 -0.709387
v 1.524280 -0.656923 -0.717438
v 1.638900 -0.555775 -0.834314
v 1.651220 -0.445836 -0.783963
v 1.626600 -0.665715 -0.784454
v 1.471326 -0.577732 -0.744443
v 1.561280 -0.491705 -0.774192
v 1.599740 -0.533550 -0.793953
v 1.448444 -0.657555 -0.724144
v 1.494208 -0.497909 -0.715198
v 1.471326 -0.577732 -0.694898
v 1.841040 -0.435102 -0.845693
v 1.841040 -0.435102 -0.951546
v 1.813280 -0.358800 -0.898431
v 1.868820 -0.511404 -0.898807
v 1.774080 -0.474336 -0.876159
v 1.742200 -0.582906 -0.798356
v 1.731280 -0.435636 -0.878784
v 1.731280 -0.435636 -0.799476
v 2.066580 -0.212821 -0.948483
v 2.066580 -0.212821 -1.049980
v 2.014420 -0.195809 -0.996735
v 2.118740 -0.229833 -1.001728
v 1.924460 -0.299263 -0.913806
v 1.924460 -0.299263 -0.993074
v 1.988740 -0.367874 -0.916806
v 1.971300 -0.302311 -0.968250
v 2.208620 0.059434 -0.976799
v 2.208620 0.059434 -1.072550
v 2.154340 0.049623 -1.019305
v 2.262920 0.069245 -1.030044
v 2.136860 -0.073197 -1.024919
v 2.195680 -0.081482 -0.994608
v 2.112680 -0.080535 -1.062518
v 2.112680 -0.080535 -0.984643
v 2.185920 0.331509 -0.871097
v 2.185920 0.331509 -0.963130
v 2.143040 0.300716 -0.909885
v 2.228820 0.362303 -0.924342
v 2.180980 0.190532 -1.015450
v 2.186200 0.169281 -0.988210
v 2.180980 0.190532 -0.938757
v 2.257340 0.221616 -0.954627
v 2.010780 0.438062 -0.736660
v 2.010780 0.438062 -0.823120
v 2.001240 0.394059 -0.771469
v 2.020340 0.482066 -0.788311
v 2.088140 0.379305 -0.805300
v 2.088140 0.379305 -0.881008
v 2.129980 0.437375 -0.826096
v 2.084300 0.341888 -0.881444
v 1.827760 0.385889 -0.612491
v 1.827760 0.385889 -0.692721
v 1.852840 0.323557 -0.657623
v 1.811100 0.433114 -0.656173
v 1.905900 0.357440 -0.766730
v 1.906980 0.456815 -0.687323
v 1.919760 0.387533 -0.738603
v 1.919760 0.387533 -0.671470
v 1.726340 0.332630 -0.570723
v 1.726340 0.332630 -0.646610
v 1.697320 0.268303 -0.604276
v 1.733020 0.370568 -0.609063
v 1.761900 0.296867 -0.577365
v 1.761900 0.296867 -0.668521
v 1.761000 0.391231 -0.589855
v 1.789120 0.304973 -0.698268
v 1.785540 0.151592 -0.680751
v 1.661300 0.116017 -0.614276
v 1.723420 0.133804 -0.607106
v 1.723420 0.133804 -0.687921
v 1.696200 0.205434 -0.648010
v 1.696200 0.205434 -0.573120
v 1.788480 0.239278 -0.620807
v 1.788480 0.239278 -0.675787
v 1.810620 -0.025491 -0.748740
v 1.645500 -0.064110 -0.685256
v 1.728060 -0.044800 -0.688207
v 1.728060 -0.044800 -0.745790
v 1.786920 0.049857 -0.734773
v 1.657620 0.018400 -0.690410
v 1.657620 0.018400 -0.617706
v 1.786920 0.049857 -0.690724
v 1.571760 -0.153371 -0.699015
v 1.648140 -0.473320 -0.821726
v 1.642980 -0.610539 -0.824389
v 1.648140 -0.473320 -0.746323
v 1.629680 -0.638230 -0.746936
v 1.505503 -0.516892 -0.744177
v 1.492923 -0.418408 -0.719762
v 1.505503 -0.516892 -0.702479
v 1.474198 -0.636800 -0.709317
v 1.820220 -0.377875 -0.938267
v 1.864000 -0.471461 -0.935536
v 1.820220 -0.377875 -0.858689
v 1.861880 -0.492328 -0.859159
v 2.027460 -0.200062 -1.036669
v 2.096780 -0.216639 -1.030391
v 2.027460 -0.200062 -0.958050
v 2.105700 -0.225580 -0.964291
v 2.167900 0.052076 -1.059238
v 2.233760 0.061412 -1.053709
v 2.167900 0.052076 -0.982056
v 2.249340 0.066792 -0.995480
v 2.153760 0.308414 -0.949818
v 2.203980 0.336498 -0.949648
v 2.153760 0.308414 -0.873565
v 2.218100 0.354604 -0.891637
v 2.003620 0.405059 -0.810207
v 2.012220 0.447238 -0.817514
v 2.003620 0.405059 -0.736941
v 2.017960 0.471065 -0.757994
v 1.835400 0.331170 -0.682081
v 1.818560 0.398699 -0.692449
v 1.835400 0.331170 -0.613054
v 1.815280 0.421308 -0.626979
v 1.713460 0.275444 -0.646960
v 1.650600 0.111666 -0.678268
v 1.713460 0.275444 -0.570926
v 1.738140 0.366047 -0.586035
v 1.770020 0.147145 -0.696329
v 1.770020 0.147145 -0.648555
v 1.676840 0.120464 -0.659310
v 1.676840 0.120464 -0.585861
v 1.782400 -0.011095 -0.749352
v 1.782400 -0.011095 -0.712830
v 1.670700 -0.037579 -0.710114
v 1.670700 -0.037579 -0.660857
v 0.083017 -0.929476 1.221425
v 0.156987 -0.941834 1.221425
v 0.218614 -0.958382 1.221425
v 0.073917 -1.207052 1.221425
v 0.147339 -1.190898 1.221425
v 0.218662 -1.160957 1.221425
v 0.295645 -1.115606 1.221425
v 0.321188 -1.086082 1.221425
v 0.320295 -1.069551 1.221425
v 0.299389 -1.011826 1.221425
v 1.593327 1.117798 0.781027
v 1.087051 1.210737 1.221023
v 0.610125 1.110460 1.477020
v 1.085119 1.174620 1.337288
v 1.691379 1.081680 0.686701
v 1.085119 1.144297 1.211423
v 0.514005 1.074343 1.521995
v 0.848588 1.205989 1.349021
v 0.799562 1.169871 1.458975
v 0.799562 1.126459 1.361909
v 1.340189 1.186963 0.999691
v 1.388249 1.150845 0.987046
v 1.388249 1.126219 0.948646
v -0.211864 -0.955459 1.494900
v -0.095668 -1.043875 1.519805
v -0.175215 -1.047842 1.480627
v -0.111005 -0.939121 1.569959
v 0.000000 -1.046447 1.553241
v 0.000000 -0.930338 1.626542
v -0.304380 -0.982487 1.425918
v -0.253523 -1.059318 1.419429
v 0.000000 -1.285077 1.318154
v 0.000000 -1.196252 1.359243
v -0.085788 -1.184662 1.347551
v -0.097542 -1.269401 1.308078
v -0.198806 -1.234644 1.275306
v -0.170642 -1.169576 1.330058
v -0.263390 -1.135595 1.273721
v -0.311287 -1.176083 1.229081
v -0.392999 -1.111421 1.199749
v -0.336404 -1.101550 1.230501
v -0.381791 -1.068444 1.262336
v -0.444488 -1.065381 1.213790
v -0.435608 -1.024661 1.265427
v -0.366991 -1.058414 1.288730
v -0.328510 -1.056104 1.343313
v -0.390221 -1.006739 1.345003
v -0.083017 -1.088652 1.469823
v -0.156987 -1.092368 1.442770
v 0.000000 -1.091932 1.492290
v -0.218614 -1.098611 1.399699
v 0.000000 -1.109903 1.338616
v -0.073917 -1.111764 1.332357
v -0.147339 -1.111903 1.317483
v -0.218662 -1.103484 1.280222
v -0.295645 -1.088083 1.257127
v -0.321188 -1.085747 1.256791
v -0.320295 -1.093807 1.309996
v -0.299389 -1.096989 1.346626
v -0.219709 -0.852785 1.486237
v -0.111088 -0.826934 1.552055
v 0.000000 -0.816976 1.602108
v -0.343166 -0.888472 1.411380
v 0.000000 -1.333937 1.254543
v -0.104124 -1.320588 1.245521
v -0.217729 -1.278317 1.212318
v -0.359199 -1.209564 1.184783
v -0.459873 -1.124519 1.169508
v -0.502732 -1.060155 1.192652
v -0.503146 -0.993356 1.234291
v -0.451212 -0.936660 1.327519
v -0.232501 -0.709847 1.485011
v -0.107242 -0.653002 1.572055
v 0.000000 -0.643709 1.628187
v -0.372934 -0.775000 1.392592
v 0.000000 -1.403743 1.181744
v -0.113684 -1.378108 1.164567
v -0.247025 -1.332639 1.146074
v -0.411670 -1.246109 1.124288
v -0.533742 -1.141949 1.128620
v -0.589352 -1.059022 1.156586
v -0.594056 -0.966628 1.201024
v -0.524398 -0.859510 1.292581
v -0.242050 -0.569624 1.512575
v -0.100260 -0.489991 1.674160
v 0.000000 -0.450237 1.723621
v -0.422459 -0.662517 1.387474
v 0.000000 -1.499511 1.135743
v -0.120557 -1.457510 1.111253
v -0.275496 -1.396993 1.088720
v -0.474857 -1.301987 1.063314
v -0.616349 -1.177663 1.064478
v -0.702713 -1.044291 1.098875
v -0.709420 -0.918279 1.158721
v -0.621427 -0.765107 1.267346
v -0.263056 -0.434481 1.503686
v -0.106153 -0.368436 1.634459
v 0.000000 -0.357555 1.687823
v -0.277731 -0.305195 1.432576
v -0.115560 -0.252737 1.514460
v 0.000000 -0.240158 1.554491
v -0.286834 -0.186860 1.352577
v -0.121266 -0.112323 1.390017
v 0.000000 -0.096347 1.425603
v -0.316632 -0.012150 1.263689
v -0.142572 0.077673 1.367795
v 0.000000 0.088554 1.406653
v -0.304892 0.331237 1.351651
v -0.198336 0.385841 1.449584
v 0.000000 0.402592 1.499244
v -0.384136 0.624730 1.408749
v -0.236490 0.682269 1.508225
v 0.000000 0.701954 1.574861
v -0.476586 0.017688 1.160295
v -0.413485 0.314605 1.257516
v -0.492728 0.583641 1.309985
v -0.720185 -0.224932 1.151690
v -0.765187 -0.153516 1.066962
v -1.153087 -0.298306 0.978358
v -1.102704 -0.170636 0.946963
v -1.395219 -0.239607 0.722361
v -1.305704 -0.077697 0.789632
v -1.608001 -0.036608 0.394364
v -1.462233 0.073941 0.650966
v -1.708278 0.352270 0.341031
v -1.574739 0.323410 0.544301
v -1.757194 0.728920 0.415697
v -1.626100 0.619349 0.587856
v -1.593327 1.117798 0.778360
v -1.457341 0.876155 0.850964
v -1.087051 1.210737 1.221023
v -1.068463 0.988661 1.160295
v -0.610125 1.110460 1.477020
v -0.692629 0.890015 1.341626
v -0.569697 0.036119 1.097903
v -0.286383 1.090224 1.600384
v 0.000000 1.077625 1.667020
v -0.507895 0.308708 1.180030
v -0.593143 0.527682 1.226223
v -0.799335 -0.115272 1.014261
v -1.088241 -0.091482 0.919419
v -1.235050 -0.003126 0.827564
v -1.357043 0.119258 0.747549
v -1.437719 0.292921 0.669418
v -1.550156 0.455335 0.625489
v -1.357434 0.662437 0.864879
v -1.056333 0.765533 1.095681
v -0.758916 0.724836 1.212281
v -0.507922 -0.545609 1.354799
v -0.597328 -0.402735 1.292577
v -0.667577 -0.304782 1.230356
v -0.722789 -0.672648 1.250356
v -0.876737 -0.553552 1.203689
v -1.028511 -0.440313 1.125912
v 0.000000 -1.607437 1.089990
v -0.130435 -1.558119 1.053476
v -0.303667 -1.486627 1.002055
v -0.570710 -1.375157 0.932204
v -0.756104 -1.227053 0.966702
v -0.858932 -1.024169 1.074430
v -0.867468 -0.852426 1.143166
v 0.000000 -1.720705 1.072213
v -0.148874 -1.684557 0.997921
v -0.340544 -1.597260 0.897611
v -0.678710 -1.454181 0.716650
v -0.885177 -1.242858 0.840036
v -1.048589 -0.968104 0.998876
v -1.057125 -0.749695 1.100944
v -1.342382 -0.841172 0.677990
v -1.347494 -0.544097 0.859435
v -1.230539 -0.649696 1.009834
v -1.228588 -0.914771 0.869988
v -1.076151 -1.189525 0.675593
v -0.893830 -1.378626 0.489986
v -1.218394 -1.106326 0.461195
v -1.010785 -1.289027 0.294788
v -1.424567 -0.744913 0.522064
v -1.458127 -0.448098 0.676930
v -1.297418 -1.019666 0.321682
v -1.171994 -1.189981 0.144695
v -1.487786 -0.581975 0.153195
v -1.552956 -0.336099 0.251441
v -1.363798 -0.850328 -0.015600
v -1.263662 -1.036229 -0.134008
v 0.000000 -1.799040 0.985046
v -0.148874 -1.746893 0.841741
v -0.340544 -1.667596 0.680099
v -0.561122 -1.567182 0.483138
v -0.711759 -1.472961 0.304473
v -0.836301 -1.370029 0.127941
v -1.016475 -1.246830 -0.070457
v -1.101151 -1.114564 -0.276855
v 0.000000 -1.682055 0.549322
v -0.167107 -1.628494 0.406816
v -0.263968 -1.591863 0.321382
v -0.371504 -1.547449 0.198187
v -0.478383 -1.493227 0.113755
v -0.646683 -1.403628 -0.036111
v -0.794039 -1.307096 -0.199842
v -0.945810 -1.172164 -0.403574
v 0.000000 -1.611378 0.219619
v -0.174096 -1.593269 0.204189
v -0.248850 -1.561297 0.184590
v -0.336027 -1.543302 0.136325
v -0.428335 -1.496760 0.062889
v -0.604782 -1.415763 -0.084309
v -0.722436 -1.337201 -0.246808
v -0.831760 -1.198583 -0.490883
v -1.606454 1.556940 0.792648
v -1.108930 1.532194 1.259422
v -0.680138 1.524985 1.512220
v -0.325766 1.525452 1.638784
v 0.000000 1.521605 1.702220
v -1.584575 1.963336 0.805448
v -1.139561 1.960991 1.243423
v -0.706393 1.963381 1.483420
v -0.369524 1.963848 1.609984
v 0.000000 1.960001 1.673420
v -1.510187 2.322151 0.805448
v -1.135185 2.332933 1.166623
v -0.719520 2.352827 1.400221
v -0.382651 2.375172 1.497985
v 0.000000 2.371325 1.551821
v -1.422671 2.619705 0.789448
v -1.143937 2.713627 0.952225
v -0.758902 2.825412 1.115423
v -0.400154 2.882764 1.184388
v 0.000000 2.896420 1.225424
v -1.682400 0.043018 -0.050212
v -1.778291 0.425260 0.035800
v -1.857837 0.808545 0.143643
v -1.882129 1.164246 0.234252
v -1.531540 -0.449265 -0.165307
v -1.596720 -0.216660 -0.120145
v -1.390053 -0.750796 -0.267748
v -1.263662 -0.903520 -0.339707
v -1.895257 1.570211 0.301624
v -1.855874 1.963336 0.347601
v -1.763983 2.335422 0.387414
v -1.527690 2.785591 0.457675
v -1.671600 0.110908 -0.412704
v -1.185944 3.112700 0.556709
v -0.779906 3.276994 0.620068
v -0.426409 3.350099 0.639113
v 0.000000 3.400512 0.668629
v -1.264363 -0.909971 -0.547803
v -1.826840 0.481631 -0.311333
v -1.938760 0.857236 -0.241889
v -1.979240 1.201417 -0.185840
v -1.517301 -0.389055 -0.504760
v -1.596280 -0.164130 -0.478797
v -1.430839 -0.640666 -0.553441
v -2.019340 1.592022 -0.137668
v -2.006935 1.973627 -0.107051
v -1.909648 2.391792 -0.086438
v -1.614010 2.922601 -0.035376
v -1.212919 3.338028 0.017578
v -0.779906 3.540723 0.038697
v -0.426409 3.609988 0.053903
v 0.000000 3.660401 0.060379
v -1.671600 0.161227 -0.694048
v -1.057194 -0.942595 -0.769243
v -1.826840 0.504302 -0.643364
v -1.938760 0.870691 -0.606176
v -2.033180 1.219480 -0.582382
v -1.517301 -0.357168 -0.767672
v -1.596280 -0.127635 -0.732493
v -1.430839 -0.599563 -0.784097
v -2.067900 1.591653 -0.557250
v -2.066280 1.977866 -0.549673
v -1.990573 2.409855 -0.556708
v -1.705725 2.986744 -0.556334
v -1.234499 3.411387 -0.558675
v -0.779906 3.650945 -0.546771
v -0.426409 3.738642 -0.554606
v 0.000000 3.789055 -0.557345
v -1.671600 0.186442 -1.034005
v -1.063668 -0.878674 -0.976491
v -1.826840 0.501869 -0.999910
v -1.938760 0.857199 -0.979310
v -2.033180 1.211517 -0.994223
v -1.420191 -0.354071 -1.041274
v -1.543500 -0.102420 -1.050332
v -1.338505 -0.596467 -1.018993
v -2.067900 1.578161 -0.991209
v -2.066280 1.964374 -1.016809
v -1.990573 2.401893 -1.029373
v -1.705725 2.967722 -1.073236
v -1.234499 3.403425 -1.092166
v -0.779906 3.642983 -1.080263
v -0.426409 3.730680 -1.088097
v 0.000000 3.781092 -1.090837
v -1.638720 0.178103 -1.311382
v -1.005402 -0.836325 -1.143276
v -1.794480 0.517123 -1.323366
v -1.906400 0.839645 -1.339630
v -1.987880 1.193963 -1.372975
v -1.316607 -0.339370 -1.244924
v -1.494079 -0.096935 -1.281629
v -1.228210 -0.577158 -1.194995
v -1.996680 1.542175 -1.388394
v -1.995065 1.923780 -1.413993
v -1.912885 2.365907 -1.463421
v -1.615089 2.913304 -1.534931
v -1.195655 3.316751 -1.595333
v -0.779906 3.524053 -1.634117
v -0.426409 3.625574 -1.632735
v 0.000000 3.675987 -1.635475
v -1.553880 0.178103 -1.623248
v -0.934188 -0.796512 -1.302528
v -1.684420 0.490582 -1.675045
v -1.809280 0.806467 -1.737758
v -1.838960 1.147515 -1.771103
v -1.200075 -0.346005 -1.477165
v -1.358598 -0.096935 -1.553683
v -1.110731 -0.577158 -1.394058
v -1.854260 1.489091 -1.799792
v -1.865585 1.897238 -1.845298
v -1.763983 2.326094 -1.907997
v -1.530927 2.813773 -1.979507
v -1.195655 3.170771 -2.066450
v -0.773432 3.318354 -2.098599
v -0.426409 3.413239 -2.117124
v 0.000000 3.483558 -2.139770
v -1.379793 0.139212 -1.932719
v -0.843552 -0.747852 -1.441504
v -1.535821 0.442474 -2.035204
v -1.594224 0.744536 -2.116348
v -1.662986 1.067152 -2.195772
v -1.147204 -0.352641 -1.717516
v -1.277582 -0.119237 -1.841035
v -1.000199 -0.565361 -1.588330
v -1.674245 1.436376 -2.261325
v -1.643637 1.821483 -2.297615
v -1.552630 2.241123 -2.360314
v -1.388499 2.659682 -2.413393
v -1.163285 2.942953 -2.477296
v -0.766958 3.062889 -2.527877
v -0.413461 3.120910 -2.551009
v 0.000000 3.145150 -2.564439
v -1.299024 0.106964 -2.193714
v -0.611247 -0.719275 -1.558730
v -1.390870 0.393637 -2.323846
v -1.464749 0.695699 -2.454756
v -1.490262 1.012786 -2.550770
v -1.033494 -0.346182 -1.912156
v -1.160200 -0.134897 -2.074382
v -0.833968 -0.558903 -1.738734
v -1.499216 1.343302 -2.638440
v -1.461873 1.756058 -2.674730
v -1.424216 2.170168 -2.682134
v -1.349655 2.467077 -2.652269
v -1.143863 2.562343 -2.804645
v -0.741062 2.632513 -2.882874
v -0.381091 2.665652 -2.923517
v 0.000000 2.670538 -2.947084
v -0.896143 -1.096502 -0.755484
v -1.057482 0.082634 -2.412684
v -0.389731 -0.710428 -1.611814
v -1.124784 0.347189 -2.564935
v -1.166162 0.627133 -2.706904
v -1.192885 0.927630 -2.830565
v -0.833214 -0.362218 -2.052791
v -0.955877 -0.156462 -2.242665
v -0.611604 -0.555585 -1.830524
v -1.184847 1.285795 -2.923765
v -1.182293 1.698550 -2.971114
v -1.157902 2.156897 -2.934281
v -0.730432 2.160786 -3.061250
v -0.389788 2.164101 -3.142853
v 0.000000 2.166811 -3.160661
v -0.745894 1.671191 -3.115650
v -0.390754 1.664905 -3.203652
v 0.000000 1.667616 -3.243860
v -0.754591 1.254593 -3.070850
v -0.396553 1.236109 -3.162052
v 0.000000 1.232420 -3.205460
v 0.000000 0.857331 -3.099477
v -0.386889 0.870236 -3.069893
v -0.750725 0.896745 -2.974083
v 0.000000 0.562421 -2.956630
v -0.375293 0.548716 -2.927047
v -0.739129 0.588012 -2.854276
v 0.000000 0.281336 -2.818392
v -0.352100 0.294241 -2.788808
v -0.710138 0.311534 -2.697605
v 0.000000 0.050938 -2.638681
v -0.311513 0.059235 -2.618313
v -0.669551 0.061514 -2.522503
v 0.000000 -0.156420 -2.445147
v -0.253531 -0.164174 -2.429387
v -0.611570 -0.172301 -2.347401
v 0.000000 -0.372994 -2.154845
v -0.195550 -0.369305 -2.157517
v -0.518799 -0.375051 -2.126219
v 0.000000 -0.571136 -1.961311
v -0.132737 -0.567447 -1.963983
v -0.373846 -0.573193 -1.932684
v 0.000000 -0.737023 -1.740129
v -0.055428 -0.733333 -1.742801
v -0.180574 -0.739080 -1.711502
v -0.902943 -1.025625 -0.932929
v -0.872057 -0.950098 -1.108573
v -0.835292 -0.899226 -1.241250
v -0.765298 -0.867155 -1.356872
v -0.566955 -0.829866 -1.498333
v -0.369599 -0.798901 -1.579602
v 0.000000 -0.814436 -1.631414
v -0.043348 -0.810747 -1.634085
v -0.148362 -0.777787 -1.626946
v 0.000000 -1.593014 0.002939
v -0.168188 -1.579707 -0.008399
v -0.223115 -1.556214 -0.022799
v -0.287172 -1.542992 -0.058264
v -0.354999 -1.508794 -0.112223
v -0.484650 -1.449278 -0.220383
v -0.571100 -1.391552 -0.339785
v -0.651430 -1.289697 -0.519128
v -0.698737 -1.214690 -0.713553
v -0.703734 -1.162610 -0.843937
v -0.681040 -1.107114 -0.972998
v -0.654025 -1.069734 -1.070487
v -0.602595 -1.046168 -1.155444
v -0.456855 -1.018769 -1.259388
v -0.311840 -0.996016 -1.319103
v 0.000000 -1.007432 -1.357174
v -0.072116 -1.004721 -1.359137
v -0.149278 -0.980502 -1.353891
v 0.000000 -1.872136 -0.187471
v -0.097072 -1.868829 -0.197796
v -0.149594 -1.864629 -0.210910
v -0.210845 -1.854285 -0.243205
v -0.275701 -1.838548 -0.292343
v -0.399673 -1.807002 -0.390836
v -0.482337 -1.772178 -0.499568
v -0.559148 -1.719872 -0.662884
v -0.604384 -1.663167 -0.839934
v -0.609162 -1.625139 -0.958666
v -0.587461 -1.587498 -1.076194
v -0.561630 -1.559065 -1.164971
v -0.512452 -1.534286 -1.242336
v -0.373096 -1.503971 -1.336990
v -0.234433 -1.486555 -1.391369
v 0.000000 -1.475451 -1.426038
v -0.005208 -1.474878 -1.427825
v -0.078991 -1.476408 -1.423048
v 0.000000 -2.280048 -0.314281
v -0.068668 -2.276796 -0.324434
v -0.120319 -2.272666 -0.337331
v -0.180553 -2.262493 -0.369090
v -0.244333 -2.247017 -0.417412
v -0.366249 -2.215995 -0.514272
v -0.447542 -2.181748 -0.621200
v -0.523078 -2.130310 -0.781807
v -0.567563 -2.074545 -0.955920
v -0.572262 -2.037149 -1.072682
v -0.550922 -2.000132 -1.188260
v -0.525519 -1.972171 -1.275564
v -0.477157 -1.947803 -1.351646
v -0.340113 -1.917990 -1.444730
v -0.203750 -1.900863 -1.498207
v 0.000000 -1.889944 -1.532300
v 0.000000 -1.889381 -1.534058
v -0.050887 -1.890885 -1.529360
v -0.530562 0.342403 1.185471
v -1.367162 0.194226 0.737573
v -1.405758 0.327026 0.759754
v -1.398802 0.471398 0.808984
v -1.277467 0.587940 0.962183
v -1.031926 0.664505 1.106110
v -0.794913 0.623685 1.172363
v -1.044129 0.715019 1.220894
v -1.317451 0.625188 1.033530
v -0.519229 0.325555 1.182750
v -0.617577 0.520895 1.281514
v -1.474478 0.463366 0.837236
v -1.421739 0.309973 0.759030
v -0.776914 0.674261 1.290099
v -1.373022 0.156742 0.742561
v -0.795841 0.400542 0.750787
v -0.903710 0.604048 1.112153
v -0.883689 0.463791 1.045945
v -1.028788 0.567531 1.071915
v -1.060247 0.640473 1.062434
v -0.948531 0.444860 1.025085
v -1.117195 0.460317 1.026682
v -1.172531 0.504303 1.004986
v -0.994362 0.389279 1.001636
v -1.145244 0.311134 0.988575
v -1.208155 0.314830 0.956586
v -1.008903 0.311941 0.981881
v -1.105419 0.159957 0.967804
v -1.157574 0.122822 0.930206
v -0.988257 0.233569 0.971113
v -1.008390 0.047291 0.969935
v -1.034340 -0.020271 0.932912
v -0.937956 0.175162 0.972218
v -0.880157 0.003328 0.994397
v -0.871474 -0.076108 0.963980
v -0.871479 0.152371 0.984899
v -0.755079 0.039845 1.034635
v -0.712616 -0.029728 1.015086
v -0.806637 0.171302 1.005759
v -0.887865 0.304934 1.042543
v -0.666672 0.147059 1.079867
v -0.600331 0.106442 1.072535
v -0.760806 0.226883 1.029208
v -0.638623 0.296242 1.117975
v -0.564707 0.295915 1.120934
v -0.746265 0.304221 1.048963
v -0.678449 0.447420 1.138745
v -0.615289 0.487923 1.147314
v -0.766911 0.382593 1.059731
v -0.775477 0.560085 1.136615
v -0.738523 0.631016 1.144608
v -0.817212 0.441000 1.058626
v -0.901389 0.686853 1.113540
v -0.884997 0.305812 1.034977
v -1.060133 0.621905 1.082967
v -1.167038 0.492258 1.028270
v -1.200956 0.311862 0.982190
v -1.152797 0.129053 0.957073
v -1.035467 -0.007185 0.959650
v -0.880404 -0.060347 0.989230
v -0.729156 -0.016189 1.037887
v -0.622251 0.113458 1.092583
v -0.588334 0.293854 1.138664
v -0.636492 0.476663 1.163781
v -0.753822 0.612901 1.161204
v -0.908886 0.666063 1.131624
v -1.043706 0.626934 1.039633
v -1.150611 0.497287 0.984936
v -1.184528 0.316891 0.938856
v -1.136370 0.134082 0.913739
v -1.019040 -0.002155 0.916316
v -0.863977 -0.055318 0.945896
v -0.712729 -0.011160 0.994553
v -0.605824 0.118487 1.049249
v -0.571907 0.298883 1.095330
v -0.620065 0.481692 1.120446
v -0.737395 0.617930 1.117870
v -0.892459 0.671092 1.088290
v -1.567460 -0.464169 -0.740985
v -1.518106 -0.684460 -0.747425
v -1.542780 -0.574314 -0.703148
v -1.744020 -0.607451 -0.838346
v -1.542780 -0.574314 -0.785262
v -1.447508 -0.578871 -0.711493
v -1.913760 -0.287828 -0.953140
v -1.736740 -0.509271 -0.891965
v -1.729460 -0.411091 -0.839242
v -1.736740 -0.509271 -0.785623
v -2.209520 -0.081640 -1.030556
v -1.956600 -0.333569 -0.902295
v -1.999440 -0.379310 -0.955540
v -1.956600 -0.333569 -1.006385
v -2.219160 0.206074 -1.028761
v -2.154180 -0.081009 -1.075829
v -2.098840 -0.080378 -1.022584
v -2.154180 -0.081009 -0.977311
v -2.081160 0.369626 -0.841074
v -2.168240 0.185351 -0.975516
v -2.219160 0.206074 -0.934968
v -2.270080 0.226796 -0.988213
v -1.904860 0.468361 -0.716134
v -2.109060 0.408340 -0.804466
v -2.136940 0.447053 -0.857711
v -2.109060 0.408340 -0.894319
v -1.680820 0.199793 -0.604276
v -1.913380 0.422174 -0.750321
v -1.921880 0.375986 -0.703451
v -1.913380 0.422174 -0.669264
v -1.713460 0.325365 -0.604276
v -1.764920 0.354423 -0.576553
v -1.759700 0.403500 -0.623422
v -1.764920 0.354423 -0.667121
v -1.722260 0.034129 -0.722321
v -1.803860 0.244918 -0.654586
v -1.742340 0.222356 -0.672721
v -1.742340 0.222356 -0.586141
v -1.729980 -0.071110 -0.728196
v -1.636060 0.013158 -0.644276
v -1.722260 0.034129 -0.644486
v -1.808460 0.055099 -0.722531
v -1.901600 0.059141 -1.056978
v -1.638900 -0.555775 -0.734103
v -1.561280 -0.491705 -0.709387
v -1.524280 -0.656923 -0.717438
v -1.638900 -0.555775 -0.834314
v -1.651220 -0.445836 -0.783963
v -1.626600 -0.665715 -0.784454
v -1.471326 -0.577732 -0.744443
v -1.561280 -0.491705 -0.774192
v -1.599740 -0.533550 -0.793953
v -1.448444 -0.657555 -0.724144
v -1.494208 -0.497909 -0.715198
v -1.471326 -0.577732 -0.694898
v -1.841040 -0.435102 -0.845693
v -1.841040 -0.435102 -0.951546
v -1.813280 -0.358800 -0.898431
v -1.868820 -0.511404 -0.898807
v -1.774080 -0.474336 -0.876159
v -1.742200 -0.582906 -0.798356
v -1.731280 -0.435636 -0.878784
v -1.731280 -0.435636 -0.799476
v -2.066580 -0.212821 -0.948483
v -2.066580 -0.212821 -1.049980
v -2.014420 -0.195809 -0.996735
v -2.118740 -0.229833 -1.001728
v -1.924460 -0.299263 -0.913806
v -1.924460 -0.299263 -0.993074
v -1.988740 -0.367874 -0.916806
v -1.971300 -0.302311 -0.968250
v -2.208620 0.059434 -0.976799
v -2.208620 0.059434 -1.072550
v -2.154340 0.049623 -1.019305
v -2.262920 0.069245 -1.030044
v -2.136860 -0.073197 -1.024919
v -2.195680 -0.081482 -0.994608
v -2.112680 -0.080535 -1.062518
v -2.112680 -0.080535 -0.984643
v -2.185920 0.331509 -0.871097
v -2.185920 0.331509 -0.963130
v -2.143040 0.300716 -0.909885
v -2.228820 0.362303 -0.924342
v -2.180980 0.190532 -1.015450
v -2.186200 0.169281 -0.988210
v -2.180980 0.190532 -0.938757
v -2.257340 0.221616 -0.954627
v -2.010780 0.438062 -0.736660
v -2.010780 0.438062 -0.823120
v -2.001240 0.394059 -0.771469
v -2.020340 0.482066 -0.788311
v -2.088140 0.379305 -0.805300
v -2.088140 0.379305 -0.881008
v -2.129980 0.437375 -0.826096
v -2.084300 0.341888 -0.881444
v -1.827760 0.385889 -0.612491
v -1.827760 0.385889 -0.692721
v -1.852840 0.323557 -0.657623
v -1.811100 0.433114 -0.656173
v -1.905900 0.357440 -0.766730
v -1.906980 0.456815 -0.687323
v -1.919760 0.387533 -0.738603
v -1.919760 0.387533 -0.671470
v -1.726340 0.332630 -0.570723
v -1.726340 0.332630 -0.646610
v -1.697320 0.268303 -0.604276
v -1.733020 0.370568 -0.609063
v -1.761900 0.296867 -0.577365
v -1.761900 0.296867 -0.668521
v -1.761000 0.391231 -0.589855
v -1.789120 0.304973 -0.698268
v -1.785540 0.151592 -0.680751
v -1.661300 0.116017 -0.614276
v -1.723420 0.133804 -0.607106
v -1.723420 0.133804 -0.687921
v -1.696200 0.205434 -0.648010
v -1.696200 0.205434 -0.573120
v -1.788480 0.239278 -0.620807
v -1.788480 0.239278 -0.675787
v -1.810620 -0.025491 -0.748740
v -1.645500 -0.064110 -0.685256
v -1.728060 -0.044800 -0.688207
v -1.728060 -0.044800 -0.745790
v -1.786920 0.049857 -0.734773
v -1.657620 0.018400 -0.690410
v -1.657620 0.018400 -0.617706
v -1.786920 0.049857 -0.690724
v -1.571760 -0.153371 -0.699015
v -1.648140 -0.473320 -0.821726
v -1.642980 -0.610539 -0.824389
v -1.648140 -0.473320 -0.746323
v -1.629680 -0.638230 -0.746936
v -1.505503 -0.516892 -0.744177
v -1.492923 -0.418408 -0.719762
v -1.505503 -0.516892 -0.702479
v -1.474198 -0.636800 -0.709317
v -1.820220 -0.377875 -0.938267
v -1.864000 -0.471461 -0.935536
v -1.820220 -0.377875 -0.858689
v -1.861880 -0.492328 -0.859159
v -2.027460 -0.200062 -1.036669
v -2.096780 -0.216639 -1.030391
v -2.027460 -0.200062 -0.958050
v -2.105700 -0.225580 -0.964291
v -2.167900 0.052076 -1.059238
v -2.233760 0.061412 -1.053709
v -2.167900 0.052076 -0.982056
v -2.249340 0.066792 -0.995480
v -2.153760 0.308414 -0.949818
v -2.203980 0.336498 -0.949648
v -2.153760 0.308414 -0.873565
v -2.218100 0.354604 -0.891637
v -2.003620 0.405059 -0.810207
v -2.012220 0.447238 -0.817514
v -2.003620 0.405059 -0.736941
v -2.017960 0.471065 -0.757994
v -1.835400 0.331170 -0.682081
v -1.818560 0.398699 -0.692449
v -1.835400 0.331170 -0.613054
v -1.815280 0.421308 -0.626979
v -1.713460 0.275444 -0.646960
v -1.650600 0.111666 -0.678268
v -1.713460 0.275444 -0.570926
v -1.738140 0.366047 -0.586035
v -1.770020 0.147145 -0.696329
v -1.770020 0.147145 -0.648555
v -1.676840 0.120464 -0.659310
v -1.676840 0.120464 -0.585861
v -1.782400 -0.011095 -0.749352
v -1.782400 -0.011095 -0.712830
v -1.670700 -0.037579 -0.710114
v -1.670700 -0.037579 -0.660857
v -0.083017 -0.929476 1.221425
v -0.156987 -0.941834 1.221425
v 0.000000 -0.918313 1.221425
v -0.218614 -0.958382 1.221425
v 0.000000 -1.214170 1.221425
v -0.073917 -1.207052 1.221425
v -0.147339 -1.190898 1.221425
v -0.218662 -1.160957 1.221425
v -0.295645 -1.115606 1.221425
v -0.321188 -1.086082 1.221425
v -0.320295 -1.069551 1.221425
v -0.299389 -1.011826 1.221425
v 0.000000 -1.067012 1.082538
v 0.000000 -1.067012 1.082538
v 0.000000 -1.067012 1.082538
v 0.000000 -1.067012 1.082538
v 0.000000 -1.067012 1.082538
v 0.000000 -1.067012 1.082538
v 0.000000 -1.067012 1.082538
v 0.000000 -1.067012 1.082538
v 0.000000 -1.067012 1.082538
v 0.000000 -1.067012 1.082538
v 0.000000 -1.067012 1.082538
v 0.000000 -1.067012 1.082538
v -1.593327 1.117798 0.781027
v -1.087051 1.210737 1.221023
v -0.610125 1.110460 1.477020
v -1.085119 1.174620 1.337288
v -1.691379 1.081680 0.686701
v -1.085119 1.144297 1.211423
v -0.514005 1.074343 1.521995
v -0.848588 1.205989 1.349021
v -0.799562 1.169871 1.458975
v -0.799562 1.126459 1.361909
v -1.340189 1.186963 0.999691
v -1.388249 1.150845 0.987046
v -1.388249 1.126219 0.948646
vt 0.301352 0.303555
vt 0.306673 0.302491
vt 0.307709 0.308887
vt 0.301327 0.310039
vt 0.311479 0.300812
vt 0.314753 0.305965
vt 0.316947 0.297599
vt 0.321648 0.301579
vt 0.323788 0.269622
vt 0.316765 0.271460
vt 0.310619 0.266326
vt 0.314659 0.262280
vt 0.305999 0.264660
vt 0.307617 0.259414
vt 0.332522 0.278044
vt 0.324569 0.280091
vt 0.337519 0.283605
vt 0.329070 0.285606
vt 0.335267 0.289729
vt 0.327410 0.287895
vt 0.329263 0.295572
vt 0.323601 0.292846
vt 0.301533 0.263754
vt 0.301552 0.258498
vt 0.312809 0.271852
vt 0.308635 0.269235
vt 0.306026 0.298728
vt 0.310317 0.297423
vt 0.314164 0.295078
vt 0.320233 0.291810
vt 0.304960 0.268289
vt 0.301367 0.299612
vt 0.321761 0.288653
vt 0.301519 0.267949
vt 0.317758 0.282842
vt 0.317054 0.277955
vt 0.317193 0.312298
vt 0.309092 0.315432
vt 0.330658 0.266645
vt 0.340479 0.276423
vt 0.318791 0.257678
vt 0.301302 0.316707
vt 0.336084 0.299885
vt 0.326606 0.307108
vt 0.309451 0.254078
vt 0.342965 0.291353
vt 0.301575 0.252939
vt 0.343849 0.283818
vt 0.323935 0.251552
vt 0.338454 0.262277
vt 0.309305 0.326933
vt 0.301260 0.328157
vt 0.344462 0.304902
vt 0.331252 0.314980
vt 0.349046 0.274419
vt 0.353012 0.283626
vt 0.319523 0.321929
vt 0.352236 0.293110
vt 0.312199 0.246312
vt 0.301612 0.244317
vt 0.359098 0.270294
vt 0.364961 0.284355
vt 0.336198 0.323464
vt 0.319951 0.332237
vt 0.347049 0.256352
vt 0.363608 0.296845
vt 0.314033 0.237554
vt 0.328824 0.244375
vt 0.301660 0.234209
vt 0.306682 0.338157
vt 0.354026 0.312174
vt 0.301218 0.340169
vt 0.307679 0.345367
vt 0.301203 0.344840
vt 0.321970 0.342285
vt 0.310658 0.356507
vt 0.301165 0.356007
vt 0.325620 0.353446
vt 0.313671 0.372504
vt 0.301109 0.373280
vt 0.329242 0.365256
vt 0.316067 0.391293
vt 0.301050 0.392286
vt 0.335553 0.382193
vt 0.319994 0.422433
vt 0.300956 0.424850
vt 0.332648 0.415403
vt 0.323423 0.450530
vt 0.300879 0.453489
vt 0.339213 0.443422
vt 0.345713 0.412206
vt 0.352067 0.437621
vt 0.353082 0.383774
vt 0.371833 0.358740
vt 0.377868 0.365533
vt 0.409643 0.346597
vt 0.408944 0.358295
vt 0.438817 0.348751
vt 0.430535 0.364019
vt 0.475937 0.362755
vt 0.450790 0.375868
vt 0.489715 0.397894
vt 0.466226 0.398654
vt 0.492323 0.434013
vt 0.470223 0.428103
vt 0.465885 0.476211
vt 0.449007 0.457157
vt 0.408105 0.493760
vt 0.407478 0.472942
vt 0.358662 0.488886
vt 0.369408 0.466605
vt 0.327208 0.488653
vt 0.300794 0.488366
vt 0.382928 0.369124
vt 0.363217 0.384642
vt 0.379577 0.448397
vt 0.407673 0.452995
vt 0.438617 0.440197
vt 0.356504 0.410461
vt 0.363487 0.431151
vt 0.459440 0.413290
vt 0.449619 0.396875
vt 0.438110 0.380914
vt 0.424223 0.371319
vt 0.408354 0.365752
vt 0.344352 0.332278
vt 0.354259 0.343588
vt 0.362584 0.351544
vt 0.391751 0.336118
vt 0.363222 0.319579
vt 0.377231 0.328418
vt 0.301719 0.222232
vt 0.316296 0.226108
vt 0.378633 0.287768
vt 0.376964 0.303292
vt 0.335121 0.233034
vt 0.362059 0.246685
vt 0.375286 0.265598
vt 0.391773 0.262573
vt 0.395482 0.292900
vt 0.319358 0.211576
vt 0.343559 0.218846
vt 0.383632 0.233122
vt 0.392577 0.311747
vt 0.301783 0.210516
vt 0.413147 0.296429
vt 0.407989 0.318556
vt 0.415233 0.236595
vt 0.414475 0.266031
vt 0.438898 0.267807
vt 0.431627 0.298251
vt 0.423692 0.324732
vt 0.439654 0.237789
vt 0.447391 0.302923
vt 0.441763 0.329808
vt 0.454479 0.271747
vt 0.459917 0.248432
vt 0.490995 0.253207
vt 0.489327 0.275103
vt 0.482596 0.331435
vt 0.484151 0.306365
vt 0.392393 0.204603
vt 0.419199 0.208650
vt 0.473121 0.224985
vt 0.499749 0.231545
vt 0.444300 0.213421
vt 0.328739 0.195129
vt 0.358574 0.198805
vt 0.301865 0.196265
vt 0.478324 0.195123
vt 0.508887 0.208455
vt 0.424921 0.173670
vt 0.451563 0.185821
vt 0.343455 0.157175
vt 0.371820 0.162067
vt 0.387912 0.165301
vt 0.408353 0.168057
vt 0.427338 0.165286
vt 0.454819 0.177426
vt 0.377704 0.130258
vt 0.393090 0.146920
vt 0.401305 0.153506
vt 0.412674 0.159476
vt 0.479975 0.184518
vt 0.515466 0.192630
vt 0.411173 0.523314
vt 0.365477 0.526746
vt 0.330936 0.528183
vt 0.300706 0.528019
vt 0.473162 0.515433
vt 0.371379 0.568062
vt 0.336484 0.569205
vt 0.419302 0.563626
vt 0.300626 0.568545
vt 0.478719 0.553271
vt 0.378506 0.608015
vt 0.341327 0.612056
vt 0.428642 0.601198
vt 0.300552 0.611378
vt 0.482330 0.590392
vt 0.488427 0.625714
vt 0.451299 0.646442
vt 0.400375 0.669304
vt 0.353742 0.681744
vt 0.300447 0.685429
vt 0.522302 0.434568
vt 0.520366 0.468430
vt 0.514462 0.276881
vt 0.515109 0.310541
vt 0.521955 0.397088
vt 0.515106 0.255689
vt 0.523701 0.505086
vt 0.527380 0.540875
vt 0.520035 0.359280
vt 0.530703 0.576969
vt 0.533061 0.628910
vt 0.517519 0.333729
vt 0.433729 0.812631
vt 0.442622 0.762491
vt 0.529973 0.770440
vt 0.528042 0.824260
vt 0.468200 0.664132
vt 0.532464 0.679000
vt 0.451120 0.716663
vt 0.530226 0.727907
vt 0.535374 0.248646
vt 0.568994 0.530102
vt 0.576177 0.567622
vt 0.593010 0.679328
vt 0.601081 0.728399
vt 0.555686 0.431583
vt 0.558493 0.462677
vt 0.584380 0.623818
vt 0.606004 0.768779
vt 0.613393 0.821092
vt 0.545008 0.279408
vt 0.547974 0.305948
vt 0.551757 0.328903
vt 0.552690 0.356811
vt 0.563285 0.497066
vt 0.552696 0.395541
vt 0.631838 0.610560
vt 0.648973 0.667264
vt 0.593068 0.456128
vt 0.598748 0.488002
vt 0.557426 0.223373
vt 0.568397 0.276499
vt 0.606342 0.520181
vt 0.579631 0.354719
vt 0.582872 0.390114
vt 0.616537 0.556228
vt 0.587569 0.424661
vt 0.663547 0.716980
vt 0.573807 0.301826
vt 0.676435 0.755073
vt 0.692391 0.804531
vt 0.576426 0.325902
vt 0.607646 0.319326
vt 0.611799 0.349985
vt 0.674920 0.595101
vt 0.697349 0.649647
vt 0.627655 0.447317
vt 0.634429 0.478021
vt 0.581873 0.224413
vt 0.592201 0.266679
vt 0.644196 0.509142
vt 0.614818 0.382949
vt 0.619712 0.416230
vt 0.654873 0.544809
vt 0.715997 0.697559
vt 0.601496 0.291537
vt 0.733153 0.733254
vt 0.755147 0.779479
vt 0.787394 0.700997
vt 0.816661 0.744452
vt 0.623864 0.283456
vt 0.630610 0.313745
vt 0.766381 0.666656
vt 0.637740 0.343536
vt 0.714044 0.581650
vt 0.740983 0.627850
vt 0.659181 0.438416
vt 0.667013 0.467094
vt 0.602421 0.220289
vt 0.612784 0.258186
vt 0.676325 0.498056
vt 0.646468 0.376232
vt 0.650678 0.407907
vt 0.690262 0.533385
vt 0.685184 0.396991
vt 0.693827 0.425818
vt 0.776690 0.598865
vt 0.805679 0.631540
vt 0.637749 0.245613
vt 0.649319 0.273229
vt 0.832743 0.660551
vt 0.870992 0.698786
vt 0.659382 0.303257
vt 0.667786 0.336165
vt 0.750151 0.563423
vt 0.702266 0.454331
vt 0.623129 0.215786
vt 0.712804 0.487677
vt 0.676273 0.367235
vt 0.728232 0.522032
vt 0.753643 0.472723
vt 0.768590 0.506942
vt 0.699346 0.322490
vt 0.710232 0.354514
vt 0.785976 0.541814
vt 0.721181 0.381488
vt 0.731637 0.410038
vt 0.805312 0.567561
vt 0.836853 0.591208
vt 0.660212 0.239877
vt 0.675034 0.268162
vt 0.869689 0.612862
vt 0.915252 0.640215
vt 0.688598 0.295632
vt 0.743173 0.440824
vt 0.643504 0.210704
vt 0.801767 0.520436
vt 0.824240 0.527621
vt 0.764882 0.398214
vt 0.777182 0.425732
vt 0.668355 0.189712
vt 0.684264 0.224335
vt 0.788237 0.460277
vt 0.741179 0.341219
vt 0.755229 0.368907
vt 0.796213 0.495064
vt 0.727246 0.313403
vt 0.861664 0.540698
vt 0.700170 0.259062
vt 0.899625 0.552167
vt 0.946239 0.564015
vt 0.716017 0.285566
vt 0.550519 0.196830
vt 0.704814 0.204588
vt 0.721922 0.243568
vt 0.771901 0.325092
vt 0.787569 0.351505
vt 0.813267 0.412341
vt 0.823168 0.449114
vt 0.688186 0.165513
vt 0.739481 0.271363
vt 0.755837 0.298583
vt 0.827650 0.490191
vt 0.801672 0.378872
vt 0.871278 0.489967
vt 0.909262 0.490019
vt 0.957338 0.492095
vt 0.867060 0.439260
vt 0.906400 0.432524
vt 0.953922 0.426000
vt 0.855093 0.397533
vt 0.893995 0.384345
vt 0.941913 0.369321
vt 0.881691 0.340202
vt 0.924751 0.318245
vt 0.843781 0.358725
vt 0.826965 0.327805
vt 0.861493 0.304008
vt 0.903118 0.280095
vt 0.808463 0.298824
vt 0.843146 0.274695
vt 0.877929 0.246577
vt 0.788553 0.271508
vt 0.822993 0.245785
vt 0.851505 0.218286
vt 0.768392 0.244870
vt 0.801311 0.216565
vt 0.823753 0.193217
vt 0.746368 0.215754
vt 0.771831 0.185150
vt 0.786076 0.164276
vt 0.727855 0.182742
vt 0.746845 0.158761
vt 0.755712 0.143813
vt 0.709062 0.143756
vt 0.719520 0.134352
vt 0.724231 0.124625
vt 0.616085 0.196400
vt 0.632824 0.191464
vt 0.573780 0.198016
vt 0.597728 0.197453
vt 0.658815 0.174014
vt 0.680210 0.156202
vt 0.705239 0.123667
vt 0.708981 0.115351
vt 0.700447 0.134054
vt 0.576641 0.166635
vt 0.591219 0.163902
vt 0.422072 0.135432
vt 0.430929 0.140149
vt 0.660381 0.110423
vt 0.664724 0.100062
vt 0.604608 0.158410
vt 0.626547 0.142754
vt 0.416150 0.129644
vt 0.670131 0.091672
vt 0.400285 0.113432
vt 0.644049 0.127718
vt 0.442078 0.145775
vt 0.463524 0.155919
vt 0.483384 0.161618
vt 0.538874 0.169620
vt 0.557418 0.168994
vt 0.511188 0.168035
vt 0.474808 0.109079
vt 0.489669 0.113366
vt 0.614684 0.062749
vt 0.621131 0.050944
vt 0.509553 0.116386
vt 0.529850 0.116476
vt 0.442063 0.092925
vt 0.449245 0.097288
vt 0.602277 0.078547
vt 0.542728 0.114724
vt 0.555403 0.111394
vt 0.436790 0.089186
vt 0.574129 0.103207
vt 0.589867 0.091298
vt 0.565060 0.107788
vt 0.427588 0.081864
vt 0.457655 0.101662
vt 0.511124 0.078277
vt 0.524425 0.079437
vt 0.466882 0.054360
vt 0.471547 0.058759
vt 0.567117 0.049646
vt 0.570790 0.033985
vt 0.533482 0.078808
vt 0.542139 0.076745
vt 0.463521 0.050296
vt 0.554780 0.071031
vt 0.562027 0.061338
vt 0.548862 0.074549
vt 0.459335 0.044528
vt 0.477347 0.063148
vt 0.488041 0.070438
vt 0.497997 0.074905
vt 0.571360 0.024938
vt 0.571592 0.024944
vt 0.203438 0.859600
vt 0.153070 0.865083
vt 0.159136 0.846716
vt 0.205395 0.844244
vt 0.079505 0.849084
vt 0.035075 0.837133
vt 0.038735 0.836311
vt 0.079471 0.838674
vt 0.268465 0.821754
vt 0.249247 0.847112
vt 0.240885 0.833278
vt 0.262599 0.817756
vt 0.112769 0.862525
vt 0.118647 0.842209
vt 0.282024 0.792235
vt 0.276248 0.795568
vt 0.112420 0.879672
vt 0.073079 0.860619
vt 0.284043 0.785265
vt 0.284913 0.826028
vt 0.284302 0.860391
vt 0.225302 0.875132
vt 0.163320 0.883344
vt 0.031039 0.836507
vt 0.400260 0.409090
vt 0.151604 0.678755
vt 0.148759 0.585889
vt 0.109469 0.599042
vt 0.147818 0.565138
vt 0.098715 0.581969
vt 0.146283 0.555889
vt 0.093322 0.573667
vt 0.079927 0.633505
vt 0.064642 0.623628
vt 0.056237 0.619377
vt 0.070836 0.680081
vt 0.053762 0.680143
vt 0.044478 0.681550
vt 0.083786 0.726570
vt 0.069074 0.736672
vt 0.061325 0.742941
vt 0.114740 0.760860
vt 0.107309 0.777974
vt 0.102260 0.786730
vt 0.155744 0.801576
vt 0.156059 0.791687
vt 0.154845 0.772243
vt 0.207401 0.783409
vt 0.203179 0.775528
vt 0.193845 0.758810
vt 0.244530 0.738338
vt 0.236673 0.733713
vt 0.222522 0.723579
vt 0.256423 0.676698
vt 0.247616 0.677508
vt 0.230924 0.677298
vt 0.240838 0.615069
vt 0.232194 0.619962
vt 0.218070 0.630528
vt 0.187321 0.597108
vt 0.194798 0.579404
vt 0.199999 0.571603
vt 0.245134 0.738708
vt 0.207878 0.784076
vt 0.155535 0.802342
vt 0.102615 0.786575
vt 0.061119 0.742161
vt 0.045005 0.680923
vt 0.057075 0.619462
vt 0.094029 0.574016
vt 0.143421 0.470387
vt 0.137375 0.458746
vt 0.129150 0.461239
vt 0.139677 0.473318
vt 0.145474 0.478033
vt 0.147744 0.475938
vt 0.149417 0.475056
vt 0.147492 0.470842
vt 0.144444 0.460925
vt 0.160576 0.476112
vt 0.157922 0.479256
vt 0.147006 0.512688
vt 0.182134 0.486890
vt 0.176379 0.467176
vt 0.166122 0.469155
vt 0.161610 0.467618
vt 0.158500 0.475105
vt 0.156767 0.477613
vt 0.153650 0.472763
vt 0.154146 0.463848
vt 0.153313 0.477548
vt 0.171438 0.450768
vt 0.164159 0.450979
vt 0.189154 0.433195
vt 0.179185 0.412335
vt 0.171171 0.420639
vt 0.162391 0.422629
vt 0.138474 0.483887
vt 0.127992 0.487963
vt 0.151551 0.486229
vt 0.117130 0.477689
vt 0.106533 0.485755
vt 0.153182 0.479621
vt 0.124380 0.381695
vt 0.114574 0.378631
vt 0.116515 0.412009
vt 0.126681 0.413903
vt 0.135993 0.417978
vt 0.134269 0.384349
vt 0.133211 0.346714
vt 0.123051 0.346038
vt 0.113309 0.342690
vt 0.106433 0.448374
vt 0.097490 0.439693
vt 0.121088 0.439591
vt 0.102366 0.415639
vt 0.092124 0.417093
vt 0.131287 0.439599
vt 0.139832 0.443702
vt 0.152823 0.447712
vt 0.149437 0.421181
vt 0.158432 0.296030
vt 0.150316 0.298250
vt 0.152550 0.338764
vt 0.161326 0.335316
vt 0.170136 0.333810
vt 0.172974 0.301117
vt 0.166483 0.266279
vt 0.159053 0.262303
vt 0.150456 0.262502
vt 0.145612 0.384423
vt 0.156602 0.382797
vt 0.143012 0.343296
vt 0.165330 0.379725
vt 0.179463 0.368963
vt 0.103321 0.377630
vt 0.093346 0.371785
vt 0.104084 0.338686
vt 0.096456 0.335623
vt 0.104274 0.236618
vt 0.092124 0.240147
vt 0.093186 0.268051
vt 0.100024 0.269791
vt 0.110046 0.273445
vt 0.112933 0.238596
vt 0.114385 0.205712
vt 0.103296 0.205204
vt 0.098259 0.205588
vt 0.103469 0.303748
vt 0.092247 0.304564
vt 0.112073 0.307712
vt 0.121880 0.309637
vt 0.131952 0.308362
vt 0.130737 0.270251
vt 0.120848 0.273293
vt 0.141026 0.303380
vt 0.140269 0.265699
vt 0.128127 0.172274
vt 0.119876 0.177150
vt 0.124385 0.201587
vt 0.132924 0.196952
vt 0.135831 0.167985
vt 0.138442 0.141604
vt 0.130949 0.145692
vt 0.123211 0.150993
vt 0.122438 0.236273
vt 0.130878 0.231971
vt 0.140053 0.228970
vt 0.150147 0.228240
vt 0.151048 0.198219
vt 0.142035 0.196435
vt 0.157327 0.229813
vt 0.175334 0.238519
vt 0.164758 0.205220
vt 0.157332 0.200925
vt 0.158605 0.124175
vt 0.153526 0.121451
vt 0.152847 0.146482
vt 0.158093 0.149858
vt 0.167409 0.152280
vt 0.182849 0.124295
vt 0.169627 0.102883
vt 0.159527 0.103926
vt 0.154995 0.102567
vt 0.143924 0.169046
vt 0.151555 0.172399
vt 0.145624 0.142946
vt 0.157110 0.175654
vt 0.180459 0.180892
vt 0.112006 0.177835
vt 0.098498 0.176053
vt 0.115378 0.152682
vt 0.113204 0.151761
vt 0.140412 0.093291
vt 0.140580 0.093424
vt 0.141743 0.093117
vt 0.141086 0.092440
vt 0.139922 0.091576
vt 0.140160 0.093178
vt 0.140206 0.093495
vt 0.140235 0.093508
vt 0.140254 0.093521
vt 0.119160 0.126977
vt 0.106534 0.123186
vt 0.126826 0.125213
vt 0.131379 0.101317
vt 0.119196 0.100982
vt 0.117530 0.097951
vt 0.133866 0.121109
vt 0.140183 0.118470
vt 0.144300 0.100196
vt 0.138721 0.101862
vt 0.146661 0.119250
vt 0.149889 0.101953
vt 0.143534 0.090490
vt 0.149054 0.090597
vt 0.138057 0.026128
vt 0.140603 0.081568
vt 0.144123 0.092905
vt 0.147049 0.092982
vt 0.145805 0.095291
vt 0.142563 0.094727
vt 0.149107 0.095485
vt 0.153006 0.095578
vt 0.173967 0.079939
vt 0.129013 0.087098
vt 0.120026 0.077186
vt 0.136312 0.091691
vt 0.140209 0.093538
vt 0.140209 0.093538
vt 0.140159 0.093512
vt 0.140140 0.093569
vt 0.140209 0.093537
vt 0.140209 0.093538
vt 0.140209 0.093538
vt 0.140209 0.093538
vt 0.139163 0.094954
vt 0.138930 0.094322
vt 0.140185 0.094832
vt 0.140194 0.093626
vt 0.140147 0.093597
vt 0.139574 0.093289
vt 0.140776 0.093883
vt 0.140260 0.093571
vt 0.140209 0.093538
vt 0.140209 0.093538
vt 0.140209 0.093537
vt 0.140208 0.093538
vt 0.140208 0.093538
vt 0.140208 0.093538
vt 0.140208 0.093538
vt 0.140208 0.093537
vt 0.140209 0.093537
vt 0.140209 0.093537
vt 0.817063 0.929900
vt 0.695397 0.923748
vt 0.687616 0.939476
vt 0.722993 0.949702
vt 0.733115 0.966291
vt 0.769972 0.967085
vt 0.795264 0.980455
vt 0.819941 0.972348
vt 0.849067 0.974267
vt 0.859212 0.952999
vt 0.885950 0.937685
vt 0.876398 0.917401
vt 0.886868 0.893650
vt 0.863023 0.881123
vt 0.861946 0.858731
vt 0.844175 0.862197
vt 0.797716 0.857296
vt 0.751257 0.872232
vt 0.700308 0.891586
vt 0.307013 0.283444
vt 0.309280 0.282838
vt 0.312102 0.281686
vt 0.314037 0.279645
vt 0.313451 0.278069
vt 0.309961 0.275536
vt 0.304222 0.274178
vt 0.301503 0.274029
vt 0.301463 0.284025
vt 0.304338 0.283838
vt 0.313728 0.280155
vt 0.306996 0.274560
vt 0.581432 0.900447
vt 0.587640 0.907902
vt 0.495374 0.917419
vt 0.495299 0.915871
vt 0.563667 0.887629
vt 0.495233 0.914509
vt 0.500523 0.860846
vt 0.526428 0.867838
vt 0.495097 0.911682
vt 0.494476 0.909638
vt 0.534965 0.962949
vt 0.507105 0.975321
vt 0.495287 0.926624
vt 0.495731 0.924709
vt 0.587640 0.912048
vt 0.495453 0.919038
vt 0.546485 0.877003
vt 0.495170 0.913205
vt 0.553696 0.952229
vt 0.495662 0.923302
vt 0.584057 0.926452
vt 0.495530 0.920604
vt 0.567672 0.943138
vt 0.495598 0.922000
vt 0.233944 0.972125
vt 0.276563 0.960107
vt 0.294355 0.955573
vt 0.246507 0.957514
vt 0.131966 0.961139
vt 0.192279 0.970996
vt 0.203770 0.956909
vt 0.124342 0.952739
vt 0.242555 0.940797
vt 0.192349 0.941232
vt 0.119441 0.946005
vt 0.047608 0.940797
vt 0.071316 0.946977
vt 0.319446 0.257939
vt 0.310057 0.254430
vt 0.324540 0.251758
vt 0.312736 0.246632
vt 0.329366 0.244526
vt 0.314487 0.237852
vt 0.316637 0.226376
vt 0.335561 0.233111
vt 0.319548 0.211799
vt 0.328766 0.195217
vt 0.571126 0.024935
vt 0.138695 0.469687
vt 0.134893 0.472542
vt 0.124614 0.460250
vt 0.132888 0.457925
vt 0.142905 0.475326
vt 0.140592 0.477374
vt 0.142757 0.470225
vt 0.144596 0.474478
vt 0.139912 0.460249
vt 0.155730 0.475761
vt 0.177064 0.486977
vt 0.141417 0.512053
vt 0.153013 0.478850
vt 0.161417 0.468919
vt 0.171713 0.467150
vt 0.153676 0.474712
vt 0.156937 0.467291
vt 0.151892 0.477184
vt 0.148874 0.472272
vt 0.149552 0.463369
vt 0.148440 0.477049
vt 0.167107 0.450644
vt 0.159826 0.450706
vt 0.185178 0.433437
vt 0.167455 0.420516
vt 0.175636 0.412377
vt 0.158636 0.422326
vt 0.133474 0.483084
vt 0.146500 0.485692
vt 0.122912 0.486945
vt 0.112261 0.476452
vt 0.101501 0.484300
vt 0.148266 0.479119
vt 0.121469 0.380625
vt 0.123112 0.412874
vt 0.112987 0.410773
vt 0.111727 0.377361
vt 0.131302 0.383481
vt 0.132339 0.417138
vt 0.120867 0.344949
vt 0.131011 0.345832
vt 0.111196 0.341403
vt 0.102164 0.446924
vt 0.093401 0.438063
vt 0.116996 0.438442
vt 0.098767 0.414113
vt 0.088497 0.415358
vt 0.127193 0.438658
vt 0.135653 0.442934
vt 0.148559 0.447210
vt 0.145715 0.420615
vt 0.157262 0.295673
vt 0.159353 0.335010
vt 0.150509 0.338278
vt 0.149102 0.297728
vt 0.171697 0.301056
vt 0.168192 0.333684
vt 0.158570 0.261966
vt 0.165918 0.266093
vt 0.149971 0.261990
vt 0.142641 0.383786
vt 0.153662 0.382384
vt 0.140880 0.342614
vt 0.162450 0.379492
vt 0.176800 0.369020
vt 0.100497 0.376132
vt 0.090643 0.370084
vt 0.102054 0.337211
vt 0.094490 0.333993
vt 0.104328 0.235168
vt 0.099401 0.268247
vt 0.092600 0.266368
vt 0.092108 0.238449
vt 0.112945 0.237323
vt 0.109347 0.272105
vt 0.103991 0.203741
vt 0.115067 0.204475
vt 0.098947 0.204022
vt 0.102153 0.302268
vt 0.090916 0.302855
vt 0.110674 0.306406
vt 0.120439 0.308531
vt 0.130535 0.307462
vt 0.120149 0.272174
vt 0.130099 0.269334
vt 0.139709 0.302666
vt 0.139721 0.264978
vt 0.129489 0.171324
vt 0.125149 0.200554
vt 0.121140 0.176031
vt 0.137278 0.167193
vt 0.133781 0.196095
vt 0.132852 0.144806
vt 0.140428 0.140871
vt 0.125008 0.149947
vt 0.122495 0.235194
vt 0.131021 0.231065
vt 0.140255 0.228252
vt 0.150362 0.227729
vt 0.142901 0.195764
vt 0.151875 0.197732
vt 0.157508 0.229447
vt 0.158103 0.200565
vt 0.165439 0.205011
vt 0.160942 0.123858
vt 0.159906 0.149525
vt 0.154730 0.146042
vt 0.155919 0.121031
vt 0.185179 0.124472
vt 0.169171 0.152136
vt 0.145348 0.168420
vt 0.152909 0.171928
vt 0.147580 0.142360
vt 0.158397 0.175295
vt 0.181634 0.181009
vt 0.113258 0.176555
vt 0.099789 0.174498
vt 0.117143 0.151477
vt 0.114988 0.150512
vt 0.143383 0.092608
vt 0.144075 0.091771
vt 0.144717 0.092462
vt 0.143549 0.092745
vt 0.143134 0.092491
vt 0.142928 0.090884
vt 0.143202 0.092823
vt 0.143173 0.092808
vt 0.143221 0.092836
vt 0.121448 0.125854
vt 0.108902 0.121806
vt 0.129149 0.124246
vt 0.122014 0.099865
vt 0.134188 0.100448
vt 0.120411 0.096801
vt 0.136271 0.120287
vt 0.142640 0.117778
vt 0.149101 0.118690
vt 0.146561 0.089872
vt 0.143814 0.080892
vt 0.142400 0.025411
vt 0.152079 0.090091
vt 0.147102 0.092299
vt 0.150025 0.092435
vt 0.148734 0.094718
vt 0.145505 0.094088
vt 0.152031 0.094980
vt 0.155927 0.095152
vt 0.132113 0.086184
vt 0.123330 0.076091
vt 0.139317 0.090926
vt 0.143175 0.092852
vt 0.143125 0.092824
vt 0.143175 0.092852
vt 0.143175 0.092851
vt 0.143106 0.092881
vt 0.143175 0.092851
vt 0.143175 0.092851
vt 0.142101 0.094246
vt 0.141880 0.093609
vt 0.143125 0.094145
vt 0.143112 0.092909
vt 0.143158 0.092939
vt 0.142545 0.092589
vt 0.143735 0.093208
vt 0.143226 0.092885
vt 0.143175 0.092851
vt 0.143175 0.092851
vt 0.143175 0.092851
vt 0.143174 0.092852
vt 0.143174 0.092851
vt 0.143174 0.092851
vt 0.143175 0.092850
vt 0.143175 0.092851
vt 0.407954 0.908877
vt 0.402496 0.916910
vt 0.424384 0.894376
vt 0.459513 0.870963
vt 0.460338 0.966653
vt 0.402901 0.921043
vt 0.440444 0.882100
vt 0.440638 0.957783
vt 0.407876 0.935048
vt 0.425829 0.950083
vn 0.535961 -0.221979 0.814537
vn 0.298854 -0.619151 0.726181
vn 0.402706 -0.567439 0.718221
vn 0.454788 -0.190652 0.869954
vn 0.595551 -0.317561 0.737885
vn 0.533916 -0.561353 0.632310
vn 0.185770 -0.124445 0.974681
vn 0.269248 -0.615951 0.740344
vn 0.463789 -0.525954 0.712932
vn 0.371184 -0.037432 0.927805
vn 0.503436 0.038304 0.863183
vn 0.550325 -0.271821 0.789466
vn 0.440327 -0.442526 0.781206
vn 0.437882 -0.469553 0.766668
vn 0.431537 -0.728070 0.532626
vn 0.360105 -0.711177 0.603781
vn 0.479669 -0.708272 0.517946
vn 0.613822 -0.596765 0.516812
vn 0.615025 -0.596471 0.515719
vn 0.595035 -0.567473 0.569129
vn 0.044121 -0.998216 0.040219
vn -0.005980 -0.997896 0.064559
vn 0.038420 -0.999240 0.006641
vn 0.042172 0.951912 0.303455
vn -0.001961 0.967651 0.252283
vn 0.101844 0.957396 0.270224
vn 0.232004 0.706203 0.668919
vn -0.214455 -0.374693 0.902006
vn -0.149925 -0.931925 0.330210
vn 0.086000 -0.996294 0.001265
vn 0.552005 -0.030649 0.833278
vn 0.496231 0.006865 0.868163
vn 0.566553 -0.152009 0.809883
vn 0.301063 -0.728030 0.615901
vn 0.458837 -0.649590 0.606219
vn 0.507318 -0.498495 0.702945
vn 0.408199 -0.457761 0.789828
vn 0.305651 -0.570521 0.762289
vn 0.404144 -0.654409 0.639074
vn 0.548602 -0.479502 0.684919
vn 0.504678 -0.102160 0.857242
vn 0.453519 -0.207313 0.866800
vn 0.504423 -0.139982 0.852034
vn 0.279348 -0.603554 0.746785
vn 0.382026 -0.592451 0.709266
vn 0.419726 -0.515265 0.747216
vn 0.395022 -0.489143 0.777623
vn 0.374893 -0.481247 0.792374
vn 0.422199 -0.490126 0.762578
vn 0.481996 -0.365288 0.796394
vn 0.573543 -0.120067 0.810329
vn 0.552218 -0.132142 0.823161
vn 0.492412 -0.134348 0.859931
vn 0.281172 -0.441643 0.851994
vn 0.333814 -0.519349 0.786667
vn 0.401250 -0.533700 0.744421
vn 0.407832 -0.501270 0.763152
vn 0.357452 -0.454714 0.815759
vn 0.346748 -0.420749 0.838294
vn 0.417281 -0.295261 0.859475
vn 0.656127 0.133882 0.742680
vn 0.605803 0.291464 0.740305
vn 0.569338 0.389457 0.724001
vn 0.486622 0.513554 0.706726
vn 0.434821 0.417057 0.798119
vn 0.381171 0.392862 0.836880
vn 0.452685 0.157286 0.877689
vn 0.338275 -0.012518 0.940964
vn 0.535232 -0.252864 0.805969
vn 0.361470 -0.257811 0.896032
vn 0.504284 -0.322922 0.800886
vn 0.370168 -0.274122 0.887599
vn 0.550409 0.152115 0.820921
vn 0.580527 -0.239709 0.778157
vn 0.517173 -0.342295 0.784453
vn 0.405913 0.468575 0.784648
vn 0.421339 0.471050 0.774975
vn 0.573992 0.417218 0.704601
vn 0.486195 0.383244 0.785327
vn 0.784807 0.281853 0.551940
vn 0.669372 0.176445 0.721670
vn 0.942459 -0.037573 0.332203
vn 0.747350 0.007238 0.664391
vn 0.918815 -0.190591 0.345622
vn 0.785592 -0.141569 0.602331
vn 0.906030 -0.118810 0.406194
vn 0.780280 -0.213780 0.587759
vn 0.805735 -0.063840 0.588826
vn 0.681423 -0.204815 0.702647
vn 0.574320 -0.145826 0.805538
vn 0.547178 -0.269548 0.792426
vn 0.443716 -0.246039 0.861732
vn 0.464447 -0.355511 0.811111
vn -0.803511 -0.165473 0.571829
vn 0.321187 -0.204146 0.924750
vn -0.192094 -0.218672 0.956704
vn 0.198948 -0.289442 0.936292
vn 0.784655 0.317794 -0.532281
vn 0.695149 -0.716476 -0.058562
vn 0.718183 -0.670602 -0.185759
vn 0.872048 -0.486299 -0.055184
vn 0.883930 -0.467522 -0.009515
vn 0.997407 -0.005609 0.071752
vn 0.702299 0.665515 0.252718
vn 0.375975 0.822851 0.426098
vn -0.268257 0.772005 0.576234
vn 0.535153 0.071993 0.841682
vn 0.496444 0.289937 0.818218
vn 0.422313 0.397786 0.814505
vn 0.400350 -0.186752 0.897131
vn 0.435808 0.013933 0.899932
vn 0.504206 0.251301 0.826210
vn 0.330865 -0.325913 0.885612
vn 0.372050 -0.480015 0.794459
vn 0.442168 -0.606677 0.660629
vn 0.477283 -0.589143 0.652006
vn 0.393634 -0.466180 0.792293
vn 0.312543 -0.375926 0.872351
vn 0.453335 -0.515575 0.727097
vn 0.483882 -0.659090 0.575724
vn 0.505819 -0.761036 0.406167
vn 0.552552 -0.680519 0.481227
vn 0.553136 -0.493403 0.671263
vn 0.474031 -0.252504 0.843526
vn 0.863010 -0.403704 0.303704
vn 0.838506 0.024479 0.544342
vn 0.692520 -0.093249 0.715347
vn 0.733310 -0.473023 0.488371
vn 0.663949 -0.690511 0.286995
vn 0.575838 -0.808714 0.119967
vn 0.726986 -0.668895 0.155146
vn 0.573628 -0.819032 0.011744
vn 0.931138 -0.334490 0.145250
vn 0.938237 0.034660 0.344253
vn 0.811250 -0.582215 0.053843
vn 0.637948 -0.768074 -0.055533
vn 0.951593 -0.307215 0.009510
vn 0.988302 -0.103714 0.111815
vn 0.898684 -0.429843 -0.087195
vn 0.750598 -0.633502 -0.187824
vn 0.346639 -0.931426 0.110847
vn 0.372647 -0.927690 0.022936
vn 0.381676 -0.924180 -0.014652
vn 0.410907 -0.904211 -0.116436
vn 0.422833 -0.889919 -0.171048
vn 0.470619 -0.853534 -0.223601
vn 0.529137 -0.796345 -0.293001
vn 0.156902 -0.962882 -0.219638
vn 0.187936 -0.956819 -0.221760
vn 0.230002 -0.943297 -0.239354
vn 0.296986 -0.921349 -0.250829
vn 0.351392 -0.908660 -0.225523
vn 0.428242 -0.872890 -0.233818
vn 0.471804 -0.822569 -0.317462
vn 0.208885 -0.969101 -0.131190
vn 0.229541 -0.964950 -0.127210
vn 0.248853 -0.956523 -0.152103
vn 0.332435 -0.929494 -0.159774
vn 0.372180 -0.916139 -0.148900
vn 0.448486 -0.873708 -0.188403
vn 0.473191 -0.840791 -0.262984
vn 0.781681 -0.010520 0.623590
vn 0.588026 -0.042965 0.807700
vn 0.426594 -0.059862 0.902460
vn 0.280898 -0.039806 0.958912
vn 0.780523 0.091980 0.618323
vn 0.597108 0.085069 0.797637
vn 0.419773 0.102102 0.901868
vn 0.260424 0.132669 0.956336
vn 0.766281 0.207953 0.607922
vn 0.584982 0.251510 0.771063
vn 0.394338 0.323489 0.860147
vn 0.227227 0.365320 0.902723
vn 0.696987 0.408905 0.589072
vn 0.541802 0.499423 0.676038
vn 0.361593 0.563682 0.742639
vn 0.182843 0.625305 0.758658
vn 0.970128 -0.242231 0.013226
vn 0.973352 -0.213781 0.082965
vn 0.970990 -0.113700 0.210357
vn 0.949246 -0.042514 0.311648
vn 0.942558 -0.331876 -0.037990
vn 0.966468 -0.256364 -0.014716
vn 0.887507 -0.454902 -0.073455
vn 0.778175 -0.609637 -0.150954
vn 0.928906 -0.003777 0.370297
vn 0.907661 0.117593 0.402893
vn 0.872234 0.263141 0.412267
vn 0.748689 0.513768 0.418936
vn 0.955658 -0.289283 -0.055068
vn 0.530788 0.706160 0.468617
vn 0.331370 0.777838 0.534005
vn 0.170772 0.826633 0.536203
vn 0.659226 -0.690829 -0.296945
vn 0.960393 -0.278261 -0.014728
vn 0.980156 -0.186688 0.066642
vn 0.985482 -0.104392 0.133897
vn 0.943017 -0.328489 -0.053048
vn 0.957207 -0.284725 -0.051839
vn 0.864654 -0.473410 -0.168098
vn 0.982417 -0.024534 0.185080
vn 0.969485 0.126339 0.210090
vn 0.916430 0.324809 0.233784
vn 0.796099 0.550993 0.250266
vn 0.573133 0.777709 0.258239
vn 0.310651 0.909778 0.275318
vn 0.165028 0.939435 0.300378
vn 0.945350 -0.316603 -0.077943
vn 0.609479 -0.712813 -0.347034
vn 0.940405 -0.338861 -0.028487
vn 0.971066 -0.238790 -0.003032
vn 0.988467 -0.147560 0.034032
vn 0.932732 -0.302786 -0.195783
vn 0.951731 -0.270052 -0.145874
vn 0.830496 -0.462113 -0.311010
vn 0.997052 -0.045846 0.061529
vn 0.992588 0.105237 0.060772
vn 0.941344 0.329547 0.072596
vn 0.802439 0.590393 0.086765
vn 0.579585 0.811386 0.075721
vn 0.336050 0.939109 0.071720
vn 0.169459 0.981419 0.090001
vn 0.922187 -0.365552 -0.126265
vn 0.633360 -0.715101 -0.295779
vn 0.932128 -0.357483 -0.057829
vn 0.959887 -0.277091 -0.042862
vn 0.983081 -0.177717 -0.044361
vn 0.851819 -0.321538 -0.413543
vn 0.900930 -0.324500 -0.288141
vn 0.765847 -0.517862 -0.381178
vn 0.996251 -0.047455 -0.072330
vn 0.992113 0.083472 -0.093507
vn 0.946701 0.306042 -0.100478
vn 0.796041 0.594550 -0.113269
vn 0.571438 0.813023 -0.111591
vn 0.354241 0.929203 -0.105334
vn 0.179870 0.977965 -0.105982
vn 0.873885 -0.426065 -0.234081
vn 0.589434 -0.696194 -0.409733
vn 0.913002 -0.368011 -0.176055
vn 0.945682 -0.280703 -0.163986
vn 0.969175 -0.158947 -0.188244
vn 0.783862 -0.428870 -0.449033
vn 0.813565 -0.465089 -0.349005
vn 0.722846 -0.511408 -0.464710
vn 0.969573 -0.039491 -0.241598
vn 0.966378 0.070343 -0.247317
vn 0.922438 0.292047 -0.252620
vn 0.782948 0.566744 -0.256503
vn 0.570725 0.785656 -0.238783
vn 0.352433 0.897680 -0.264501
vn 0.181150 0.936958 -0.298822
vn 0.825151 -0.474314 -0.306841
vn 0.527751 -0.692229 -0.492238
vn 0.869846 -0.389031 -0.303352
vn 0.907967 -0.275577 -0.315679
vn 0.927903 -0.118857 -0.353369
vn 0.781539 -0.506671 -0.363980
vn 0.784568 -0.557022 -0.272361
vn 0.684201 -0.540613 -0.489497
vn 0.935685 -0.048757 -0.349452
vn 0.931731 0.050682 -0.359595
vn 0.885468 0.261618 -0.384060
vn 0.778769 0.502217 -0.375894
vn 0.555144 0.743587 -0.372683
vn 0.321908 0.852440 -0.411973
vn 0.195899 0.864039 -0.463745
vn 0.818880 -0.494382 -0.291584
vn 0.364943 -0.699035 -0.614953
vn 0.856024 -0.399407 -0.328172
vn 0.887749 -0.269511 -0.373182
vn 0.906968 -0.142676 -0.396298
vn 0.698064 -0.587537 -0.409276
vn 0.777689 -0.560141 -0.285382
vn 0.510740 -0.642115 -0.571693
vn 0.917325 -0.052356 -0.394681
vn 0.903991 0.058434 -0.423538
vn 0.868802 0.222224 -0.442492
vn 0.790305 0.415253 -0.450535
vn 0.530234 0.639896 -0.556224
vn 0.256227 0.733600 -0.629427
vn 0.160382 0.735541 -0.658223
vn 0.720242 -0.521653 -0.457308
vn 0.200144 -0.688543 -0.697030
vn 0.765849 -0.433684 -0.474756
vn 0.791375 -0.318289 -0.521937
vn 0.811596 -0.215032 -0.543206
vn 0.471964 -0.689486 -0.549417
vn 0.631447 -0.598689 -0.492794
vn 0.271289 -0.743908 -0.610740
vn 0.811224 -0.070359 -0.580487
vn 0.808631 0.052227 -0.585993
vn 0.798065 0.179177 -0.575315
vn 0.765482 0.337006 -0.548147
vn 0.500355 0.427455 -0.752945
vn 0.203978 0.481101 -0.852605
vn 0.104485 0.506344 -0.855978
vn 0.513351 -0.812067 -0.277520
vn 0.433304 -0.570776 -0.697469
vn 0.251127 -0.684289 -0.684605
vn 0.480166 -0.485877 -0.730318
vn 0.495269 -0.395545 -0.773468
vn 0.511543 -0.277447 -0.813232
vn 0.273656 -0.752615 -0.598902
vn 0.371215 -0.673173 -0.639560
vn 0.189041 -0.819140 -0.541547
vn 0.519460 -0.139143 -0.843090
vn 0.514554 0.008954 -0.857411
vn 0.493079 0.178143 -0.851551
vn 0.223236 0.216130 -0.950502
vn 0.120665 0.248904 -0.960982
vn 0.270719 0.000402 -0.962658
vn 0.156688 0.010602 -0.987591
vn 0.286068 -0.173323 -0.942403
vn 0.176252 -0.174548 -0.968746
vn 0.177053 -0.318275 -0.931318
vn 0.288838 -0.308160 -0.906427
vn 0.155469 -0.438450 -0.885207
vn 0.280619 -0.427903 -0.859158
vn 0.147929 -0.541877 -0.827337
vn 0.269125 -0.520878 -0.810097
vn 0.147748 -0.614648 -0.774841
vn 0.244403 -0.591545 -0.768337
vn 0.104724 -0.713024 -0.693274
vn 0.203053 -0.686753 -0.697954
vn 0.050178 -0.745732 -0.664353
vn 0.144379 -0.759193 -0.634651
vn 0.030694 -0.762670 -0.646059
vn 0.127616 -0.820489 -0.557236
vn 0.037226 -0.842297 -0.537727
vn 0.206610 -0.795169 -0.570104
vn 0.517707 -0.787373 -0.334698
vn 0.463561 -0.783919 -0.413016
vn 0.423043 -0.782767 -0.456410
vn 0.323092 -0.765085 -0.557006
vn 0.200565 -0.713356 -0.671488
vn 0.202399 -0.653595 -0.729279
vn 0.100546 -0.837564 -0.537007
vn 0.216480 -0.753631 -0.620626
vn 0.286803 -0.873198 0.394042
vn 0.410676 -0.839439 0.355930
vn 0.485371 -0.819598 0.304423
vn 0.579899 -0.774129 0.253855
vn 0.631179 -0.747655 0.206458
vn 0.729524 -0.680833 0.065283
vn 0.778746 -0.626529 -0.031863
vn 0.792132 -0.597873 -0.122775
vn 0.776065 -0.562945 -0.284282
vn 0.749673 -0.536301 -0.387779
vn 0.711782 -0.513623 -0.479122
vn 0.577776 -0.474398 -0.664170
vn 0.379140 -0.431490 -0.818578
vn 0.223066 -0.409245 -0.884737
vn 0.090188 -0.382390 -0.919589
vn 0.166673 -0.385481 -0.907538
vn 0.227962 -0.441171 0.867987
vn 0.421267 -0.431462 0.797731
vn 0.578515 -0.403653 0.708791
vn 0.662786 -0.379230 0.645677
vn 0.749572 -0.344651 0.565118
vn 0.875266 -0.282914 0.392261
vn 0.945199 -0.224973 0.236612
vn 0.982124 -0.171520 0.077548
vn 0.986703 -0.116196 -0.113644
vn 0.964440 -0.075467 -0.253297
vn 0.909894 -0.030149 -0.413744
vn 0.731521 0.052496 -0.679795
vn 0.487338 0.121575 -0.864709
vn 0.300913 0.156472 -0.940727
vn -0.070590 0.194015 -0.978455
vn 0.130569 0.180062 -0.974951
vn 0.163411 -0.694778 0.700414
vn 0.329819 -0.690926 0.643304
vn 0.490224 -0.671409 0.555779
vn 0.556496 -0.658766 0.506300
vn 0.640382 -0.641414 0.422490
vn 0.754345 -0.600433 0.265413
vn 0.820431 -0.559907 0.115746
vn 0.855008 -0.517042 -0.040362
vn 0.857903 -0.468412 -0.211172
vn 0.837879 -0.429889 -0.336382
vn 0.786021 -0.388870 -0.480575
vn 0.626346 -0.317818 -0.711817
vn 0.416562 -0.254764 -0.872681
vn 0.256249 -0.225695 -0.939893
vn 0.120675 -0.209155 -0.970408
vn 0.743834 -0.559416 0.365738
vn -0.051526 -0.090512 0.994562
vn -0.210577 -0.210670 0.954608
vn -0.286969 -0.604966 0.742742
vn -0.103877 -0.875333 0.472231
vn 0.110033 -0.904047 0.413027
vn 0.503288 -0.863769 0.024602
vn 0.442352 -0.096503 0.891634
vn 0.572745 -0.260208 0.777338
vn 0.505548 -0.458124 0.731125
vn 0.480437 -0.482038 0.732679
vn 0.431510 -0.457624 0.777419
vn 0.440704 -0.406039 0.800570
vn 0.292783 -0.082006 0.952656
vn 0.558028 -0.267563 0.785503
vn -0.468533 0.097987 -0.877995
vn 0.245770 -0.270710 0.930759
vn -0.249021 0.134849 -0.959064
vn 0.202448 -0.260724 0.943948
vn 0.536335 0.842151 -0.055918
vn -0.283960 0.142170 -0.948237
vn 0.171223 -0.233365 0.957196
vn 0.855316 0.467616 -0.223093
vn -0.309176 0.164030 -0.936752
vn 0.160156 -0.195881 0.967461
vn 0.946905 0.026280 -0.320437
vn -0.317613 0.194327 -0.928094
vn 0.172258 -0.157945 0.972307
vn 0.840057 -0.416659 -0.347418
vn -0.307164 0.224575 -0.924779
vn 0.204686 -0.129465 0.970228
vn 0.516105 -0.804508 -0.293943
vn -0.281007 0.246514 -0.927505
vn 0.249079 -0.118238 0.961239
vn -0.009091 -0.989361 -0.145199
vn -0.246426 0.254418 -0.935171
vn 0.293399 -0.127662 0.947428
vn -0.536335 -0.842151 0.055922
vn -0.212649 0.246516 -0.945521
vn 0.248191 -0.195645 0.948749
vn 0.325342 -0.155389 0.932742
vn -0.855307 -0.467622 0.223113
vn -0.188366 0.225170 -0.955938
vn 0.336129 -0.193797 0.921661
vn -0.946902 -0.026281 0.320446
vn -0.179703 0.195965 -0.964004
vn 0.323036 -0.232296 0.917435
vn -0.840057 0.416663 0.347414
vn -0.188995 0.166296 -0.967795
vn 0.289888 -0.260414 0.920950
vn -0.516103 0.804509 0.293944
vn -0.214216 0.143846 -0.966136
vn 0.009089 0.989361 0.145196
vn -0.249389 0.194934 -0.948581
vn 0.458438 0.166389 0.873012
vn 0.605455 0.020334 0.795620
vn 0.642685 -0.170246 0.746975
vn 0.576485 -0.351930 0.737435
vn 0.425012 -0.482522 0.765857
vn 0.226945 -0.523824 0.821039
vn 0.043447 -0.467018 0.883180
vn -0.077891 -0.342074 0.936439
vn -0.123040 -0.185517 0.974908
vn -0.088835 -0.019979 0.995846
vn 0.034701 0.128200 0.991141
vn 0.239104 0.206731 0.948732
vn -0.001765 0.513687 -0.857976
vn 0.144371 0.366576 -0.919119
vn 0.197765 0.180433 -0.963500
vn 0.153406 -0.013822 -0.988067
vn 0.004469 -0.182687 -0.983161
vn -0.233465 -0.268749 -0.934488
vn -0.484456 -0.220725 -0.846512
vn -0.652765 -0.054676 -0.755585
vn -0.697445 0.162877 -0.697883
vn -0.623796 0.372965 -0.686859
vn -0.450279 0.526613 -0.721060
vn -0.219452 0.577917 -0.786036
vn -0.285487 0.941920 0.176870
vn -0.415575 -0.841121 -0.346140
vn 0.205169 -0.075057 0.975844
vn 0.263015 -0.897873 -0.353053
vn -0.545778 0.018674 -0.837722
vn -0.451267 0.230765 0.862036
vn -0.624634 0.779715 0.043332
vn -0.220647 -0.324522 -0.919783
vn -0.433741 0.897420 0.080666
vn 0.462443 0.054701 0.884960
vn 0.789597 -0.498858 -0.357319
vn 0.242838 0.210262 0.947006
vn 0.578365 -0.736847 -0.350072
vn 0.144236 -0.405082 -0.902831
vn 0.194567 0.510167 -0.837779
vn 0.352540 -0.122486 -0.927746
vn -0.870554 0.491662 0.020123
vn 0.117356 0.053021 0.991673
vn -0.524733 -0.851089 0.017396
vn -0.996282 -0.076672 0.039284
vn 0.307952 -0.308963 0.899837
vn 0.893684 0.159892 -0.419241
vn -0.311826 0.925045 -0.216924
vn 0.546568 -0.097657 0.831701
vn 0.361386 0.864155 -0.350195
vn -0.515214 0.417279 -0.748621
vn -0.972436 0.222914 0.068396
vn -0.346846 -0.502127 -0.792191
vn 0.367328 -0.927668 -0.067099
vn 0.501038 0.259172 0.825706
vn -0.944894 0.326375 0.025581
vn 0.184117 0.179682 0.966341
vn -0.659944 0.723553 -0.202349
vn 0.502314 -0.800703 -0.326427
vn -0.372150 0.280708 -0.884707
vn 0.934366 -0.334057 -0.123958
vn -0.369740 0.191787 -0.909126
vn 0.481369 -0.276256 0.831845
vn 0.201038 -0.960709 -0.191366
vn -0.963346 -0.094549 0.251048
vn 0.520242 -0.351369 0.778388
vn 0.922845 0.195299 -0.331987
vn 0.383406 -0.185012 0.904859
vn 0.403162 -0.027983 0.914701
vn 0.143214 0.388361 0.910311
vn 0.152870 -0.522064 0.839095
vn -0.282091 -0.176390 -0.943033
vn -0.272368 0.957014 0.099697
vn 0.111427 -0.943472 -0.312162
vn -0.370753 0.842257 0.391338
vn -0.516989 0.506509 -0.690051
vn 0.546593 -0.677368 -0.492350
vn -0.042428 -0.631144 0.774505
vn -0.647948 0.735179 0.199187
vn -0.194544 0.018450 0.980720
vn 0.369376 0.155658 0.916150
vn -0.136766 -0.327628 -0.934856
vn -0.540828 0.839146 0.057782
vn 0.494180 -0.807870 -0.321141
vn 0.478966 -0.755862 -0.446391
vn 0.600767 -0.427132 0.675749
vn -0.642090 0.411916 -0.646565
vn 0.172579 0.588314 0.790002
vn 0.135922 0.181667 0.973921
vn 0.235970 -0.344919 -0.908487
vn -0.746792 0.664538 0.026291
vn 0.699657 -0.627632 -0.341407
vn -0.227526 0.661846 0.714278
vn -0.622647 0.366646 -0.691290
vn 0.652758 -0.316593 0.688241
vn 0.783169 -0.592811 -0.187672
vn 0.185761 -0.171722 0.967473
vn 0.346276 0.093589 -0.933453
vn -0.970075 0.241026 0.029331
vn 0.890357 -0.158830 -0.426659
vn 0.962191 -0.261714 -0.075457
vn 0.678989 -0.258319 0.687201
vn -0.653240 0.303323 -0.693738
vn -0.551288 0.386360 0.739465
vn 0.453986 -0.278533 0.846355
vn -0.014541 0.575146 -0.817921
vn -0.875138 -0.482384 0.037943
vn 0.649086 0.636591 -0.416460
vn -0.746397 0.214405 -0.630017
vn 0.850082 0.525448 0.035555
vn -0.487829 -0.347706 0.800702
vn 0.762169 -0.140546 0.631937
vn 0.554216 0.138636 0.820747
vn -0.532783 0.087988 -0.841666
vn -0.057453 -0.998251 -0.013911
vn -0.066788 0.955795 -0.286347
vn 0.127359 -0.699313 0.703378
vn -0.718279 -0.297475 -0.628955
vn 0.655013 0.409982 0.634723
vn -0.311269 0.891085 0.330272
vn 0.411161 0.247066 0.877443
vn -0.223392 -0.497914 -0.837961
vn 0.722709 -0.687592 -0.070058
vn -0.486072 0.848696 -0.208446
vn -0.587700 -0.807371 0.052546
vn 0.225710 0.740067 0.633527
vn -0.193707 -0.673934 -0.712945
vn 0.646875 -0.419783 0.636660
vn -0.550556 0.291743 0.782160
vn -0.915606 0.168456 -0.365086
vn -0.969562 0.237943 0.057736
vn -0.852749 0.506523 -0.127492
vn 0.380375 -0.163146 0.910329
vn -0.364432 0.019605 -0.931024
vn -0.251820 0.673822 0.694658
vn 0.454082 -0.433080 0.778621
vn 0.964789 0.066660 -0.254438
vn -0.972642 0.182155 0.144176
vn 0.529074 -0.268683 0.804916
vn -0.368313 0.293493 -0.882161
vn -0.770820 0.228787 -0.594553
vn -0.409287 -0.007954 0.912371
vn 0.763750 -0.368889 0.529723
vn 0.333846 -0.002260 -0.942625
vn 0.824073 -0.492851 -0.279287
vn -0.657802 -0.751246 0.054090
vn 0.425767 -0.585180 0.690135
vn -0.256739 -0.115801 -0.959518
vn 0.015834 0.329693 -0.943955
vn -0.745529 0.212988 -0.631524
vn -0.051246 -0.398962 0.915534
vn 0.744312 -0.211093 0.633592
vn 0.750974 -0.367397 0.548687
vn -0.551846 0.480133 -0.681864
vn 0.114080 -0.598401 -0.793033
vn 0.252993 0.497904 0.829510
vn 0.452879 -0.504861 0.734858
vn -0.614021 0.469396 -0.634543
vn 0.787561 -0.327185 0.522204
vn -0.147398 0.364604 0.919422
vn -0.160064 -0.386517 0.908286
vn -0.647369 0.375561 -0.663226
vn 0.421236 -0.660584 -0.621441
vn -0.023699 0.655252 0.755039
vn 0.641667 -0.359006 0.677775
vn -0.632810 0.333485 -0.698813
vn 0.740064 -0.532729 -0.410494
vn -0.424438 0.578879 0.696241
vn 0.659370 -0.286325 0.695161
vn -0.690269 0.279453 -0.667409
vn 0.890740 0.007278 -0.454456
vn -0.593712 0.028652 0.804168
vn 0.716205 -0.232809 0.657913
vn -0.779858 0.009011 -0.625891
vn 0.448396 0.791871 -0.414587
vn -0.221522 -0.615279 0.756545
vn 0.770846 0.091163 0.630465
vn -0.520390 -0.561673 -0.643209
vn -0.502505 0.637181 -0.584371
vn 0.460286 -0.587301 0.665743
vn 0.435194 0.646262 0.626858
vn 0.059535 -0.419745 -0.905688
vn -0.681195 -0.324741 -0.656138
vn 0.666537 -0.329315 0.668790
vn 0.066937 0.753219 0.654355
vn -0.758855 0.167807 -0.629270
vn -0.557936 -0.116866 0.821614
vn -0.457005 0.081196 0.885750
vn -0.652441 0.527132 0.544475
vn 0.183919 0.281300 -0.941830
vn 0.792556 -0.204295 0.574560
vn -0.759618 0.303392 -0.575269
vn -0.282064 -0.144833 0.948400
vn 0.077299 0.011076 -0.996946
vn 0.643149 -0.414178 0.644062
vn -0.659709 -0.069070 -0.748341
vn 0.103880 -0.637194 0.763670
vn -0.178015 -0.975473 0.129471
vn -0.309456 -0.938984 0.150155
vn -0.435622 -0.882835 0.175603
vn -0.128713 0.989643 0.063551
vn -0.327459 0.940751 0.088085
vn -0.452061 0.882202 0.131760
vn -0.359098 0.857471 0.368499
vn -0.660191 0.412917 0.627413
vn -0.828269 -0.315476 0.463082
vn -0.632978 -0.724190 0.273655
vn 0.600925 0.625306 0.497877
vn 0.260818 0.905787 0.333951
vn 0.191002 -0.923293 -0.333239
vn 0.568437 -0.029626 0.822193
vn 0.670794 -0.123963 0.731211
vn 0.189104 -0.929440 0.316830
vn 0.300614 -0.953419 0.024973
vn 0.991168 -0.045967 0.124388
vn 0.431142 -0.816697 0.383565
vn 0.278065 -0.876860 0.392169
vn 0.478767 0.780992 0.401040
vn 0.685369 -0.107122 0.720274
vn 0.261545 -0.888923 0.376047
vn -0.530626 -0.140938 0.835807
vn -0.335966 -0.580725 0.741543
vn -0.411209 -0.526163 0.744352
vn -0.484570 -0.132370 0.864679
vn -0.008219 -0.658155 0.752838
vn -0.004508 -0.177858 0.984046
vn -0.526638 -0.273607 0.804855
vn -0.467546 -0.494704 0.732577
vn 0.013568 -0.611990 0.790749
vn 0.008498 -0.095772 0.995367
vn -0.220919 -0.078233 0.972149
vn -0.292457 -0.566309 0.770560
vn -0.438245 -0.484367 0.757186
vn -0.404821 -0.046127 0.913232
vn -0.448828 -0.048367 0.892308
vn -0.448292 -0.361246 0.817640
vn -0.383885 -0.412746 0.825998
vn -0.320992 -0.423167 0.847286
vn -0.317890 -0.818330 0.478834
vn -0.421760 -0.549636 0.721123
vn -0.558081 -0.567873 0.605034
vn -0.514810 -0.793584 0.324338
vn -0.557484 -0.597791 0.576071
vn -0.573502 -0.481599 0.662690
vn -0.054814 -0.995771 0.073728
vn -0.088026 -0.994286 0.060394
vn 0.008104 -0.999071 0.042317
vn -0.088932 -0.986900 0.134609
vn 0.024613 0.952156 0.304619
vn -0.022003 0.953433 0.300801
vn -0.057240 0.964095 0.259315
vn 0.020666 0.960040 0.279099
vn 0.718854 0.566059 0.403516
vn 0.722288 -0.691231 -0.022347
vn 0.439638 -0.897355 0.038384
vn 0.107544 -0.963497 0.245170
vn -0.536852 0.009890 0.843619
vn -0.492380 0.027081 0.869959
vn -0.002185 0.028780 0.999583
vn -0.547704 -0.031991 0.836060
vn -0.019368 -0.770649 0.636966
vn -0.292007 -0.721388 0.627958
vn -0.386166 -0.605392 0.695972
vn -0.377546 -0.448207 0.810290
vn -0.346813 -0.429885 0.833619
vn -0.408873 -0.468344 0.783248
vn -0.562845 -0.384155 0.731868
vn -0.610084 -0.198358 0.767106
vn -0.540966 -0.188300 0.819695
vn -0.465972 -0.271815 0.842014
vn 0.018354 -0.312683 0.949680
vn -0.507325 -0.101545 0.855751
vn -0.057905 -0.633635 0.771462
vn -0.313791 -0.625995 0.713909
vn -0.347049 -0.573092 0.742376
vn -0.375017 -0.500290 0.780431
vn -0.386098 -0.474390 0.791127
vn -0.416321 -0.449013 0.790610
vn -0.499773 -0.338815 0.797139
vn -0.532242 -0.176351 0.828021
vn -0.571010 -0.136056 0.809590
vn -0.529541 -0.088022 0.843705
vn 0.050762 -0.102099 0.993478
vn -0.438591 -0.165847 0.883251
vn -0.050853 -0.456191 0.888428
vn -0.373803 -0.508663 0.775586
vn -0.384118 -0.553500 0.738980
vn -0.375288 -0.541657 0.752174
vn -0.344779 -0.519461 0.781849
vn -0.339873 -0.452479 0.824469
vn -0.395071 -0.328615 0.857864
vn -0.413834 -0.222285 0.882797
vn -0.547213 0.212716 0.809512
vn -0.500056 0.476137 0.723352
vn 0.043186 0.547658 0.835587
vn -0.445831 0.413571 0.793847
vn -0.381800 0.640625 0.666204
vn 0.032046 0.694677 0.718608
vn -0.455781 0.354090 0.816630
vn -0.397862 0.360124 0.843811
vn 0.012232 0.395246 0.918494
vn -0.570143 0.121591 0.812498
vn -0.403278 -0.114573 0.907877
vn 0.010912 -0.102053 0.994719
vn -0.564816 -0.242183 0.788879
vn -0.378217 -0.265910 0.886704
vn -0.001380 -0.261658 0.965160
vn -0.492917 -0.290375 0.820192
vn -0.330587 -0.237859 0.913310
vn -0.002803 -0.238648 0.971102
vn -0.592234 0.152429 0.791217
vn -0.583980 -0.220359 0.781287
vn -0.529652 -0.354788 0.770451
vn -0.427181 0.445586 0.786746
vn -0.384728 0.487453 0.783820
vn -0.559686 0.219349 0.799148
vn -0.374344 0.388515 0.841975
vn -0.769400 -0.140629 0.623095
vn -0.584622 0.035698 0.810520
vn -0.894197 -0.281671 0.347955
vn -0.719306 -0.095644 0.688078
vn -0.901286 -0.230922 0.366549
vn -0.769447 -0.163421 0.617450
vn -0.851812 -0.219538 0.475625
vn -0.737999 -0.220044 0.637916
vn -0.750494 -0.180336 0.635797
vn -0.633325 -0.209843 0.744893
vn -0.558253 -0.220215 0.799912
vn -0.493257 -0.267440 0.827752
vn -0.449228 -0.242624 0.859842
vn -0.485388 -0.337782 0.806413
vn 0.567189 -0.487489 0.663816
vn -0.280075 -0.168287 0.945112
vn 0.013546 -0.169205 0.985488
vn 0.813429 0.100107 0.572986
vn 0.359103 0.038049 0.932522
vn 0.460618 0.721291 -0.517272
vn 0.113328 0.738586 -0.664565
vn -0.661990 -0.748376 -0.041258
vn 0.064897 -0.481573 -0.874000
vn -0.693216 -0.579372 -0.428696
vn -0.996640 0.041005 0.070909
vn -0.659383 0.717039 0.225985
vn -0.260819 0.890010 0.373973
vn 0.276653 0.786644 0.551955
vn -0.388962 -0.048709 0.919965
vn -0.361813 0.147610 0.920490
vn -0.393494 0.354493 0.848232
vn -0.346127 -0.144755 0.926953
vn -0.375158 0.002775 0.926957
vn -0.480358 0.205068 0.852762
vn -0.067462 -0.337250 0.938995
vn -0.473484 -0.435933 0.765360
vn -0.500818 -0.573990 0.647856
vn -0.438009 -0.650868 0.620096
vn -0.352433 -0.627249 0.694514
vn -0.325410 -0.492262 0.807333
vn -0.350680 -0.287842 0.891163
vn -0.083136 -0.572303 0.815817
vn -0.570789 -0.611391 0.548089
vn -0.565182 -0.712310 0.416154
vn -0.513715 -0.802363 0.303827
vn -0.487216 -0.713668 0.503287
vn -0.506669 -0.528369 0.681258
vn -0.470508 -0.240112 0.849099
vn -0.853225 -0.420025 0.309171
vn -0.806310 -0.090347 0.584552
vn -0.674106 -0.138118 0.725606
vn -0.717316 -0.491452 0.493896
vn -0.626365 -0.719778 0.299311
vn -0.539610 -0.839468 0.064138
vn -0.766346 -0.627659 0.136963
vn -0.604771 -0.796077 -0.022657
vn -0.910545 -0.381669 0.158858
vn -0.886068 -0.224677 0.405468
vn -0.865966 -0.499179 0.030388
vn -0.706298 -0.701773 -0.093043
vn -0.936358 -0.350380 0.021629
vn -0.936836 -0.313779 0.154534
vn -0.882127 -0.466147 -0.067520
vn -0.870391 -0.477914 -0.118400
vn -0.031419 -0.993008 0.113786
vn -0.361940 -0.932013 0.018717
vn -0.365760 -0.930697 -0.004764
vn -0.376503 -0.922663 -0.083294
vn -0.407399 -0.900544 -0.151814
vn -0.422436 -0.892286 -0.159291
vn -0.480826 -0.855036 -0.194214
vn -0.717749 -0.666003 -0.203165
vn 0.011656 -0.974453 -0.224287
vn -0.165496 -0.959782 -0.226781
vn -0.198753 -0.959109 -0.201511
vn -0.220784 -0.954858 -0.198750
vn -0.315277 -0.931077 -0.183565
vn -0.375215 -0.915441 -0.145537
vn -0.430861 -0.879002 -0.204241
vn -0.534027 -0.814538 -0.226590
vn 0.017008 -0.991085 -0.132138
vn -0.219348 -0.965908 -0.137510
vn -0.254284 -0.959067 -0.124623
vn -0.246945 -0.960642 -0.127219
vn -0.349115 -0.929159 -0.121584
vn -0.393100 -0.913698 -0.103091
vn -0.438244 -0.875456 -0.203761
vn -0.514846 -0.827025 -0.225750
vn -0.784031 -0.060757 0.617741
vn -0.599117 -0.071921 0.797425
vn -0.421415 -0.054178 0.905248
vn -0.262983 -0.024999 0.964477
vn 0.015485 -0.018839 0.999703
vn -0.781585 0.078483 0.618842
vn -0.597704 0.082443 0.797467
vn -0.406174 0.117161 0.906254
vn -0.236406 0.155441 0.959140
vn 0.013347 0.164592 0.986271
vn -0.743005 0.272328 0.611376
vn -0.555434 0.291398 0.778833
vn -0.373639 0.342021 0.862216
vn -0.192551 0.393244 0.899046
vn 0.010061 0.402235 0.915481
vn -0.685629 0.426544 0.589892
vn -0.515964 0.509314 0.688753
vn -0.319634 0.598955 0.734225
vn -0.168385 0.633847 0.754907
vn -0.007902 0.644182 0.764831
vn -0.947089 -0.315375 0.059678
vn -0.936033 -0.313330 0.160206
vn -0.934943 -0.226451 0.273131
vn -0.922216 -0.142258 0.359557
vn -0.942921 -0.330458 -0.041195
vn -0.955069 -0.296384 -0.000504
vn -0.882088 -0.461690 -0.093606
vn -0.919290 -0.385534 -0.079180
vn -0.914393 -0.052882 0.401359
vn -0.903806 0.097397 0.416711
vn -0.872308 0.294737 0.390139
vn -0.768162 0.496199 0.404615
vn -0.944772 -0.327046 -0.021118
vn -0.547753 0.681478 0.485340
vn -0.295320 0.800149 0.522061
vn -0.158944 0.832152 0.531282
vn -0.004974 0.843268 0.537471
vn -0.821670 -0.554143 -0.133360
vn -0.934263 -0.353640 0.045730
vn -0.959518 -0.255042 0.119490
vn -0.970732 -0.162021 0.177280
vn -0.945221 -0.321354 -0.057358
vn -0.957127 -0.284685 -0.053498
vn -0.869874 -0.485246 -0.088635
vn -0.976569 -0.056183 0.207743
vn -0.967324 0.095950 0.234687
vn -0.916593 0.316995 0.243665
vn -0.786258 0.573764 0.229331
vn -0.569956 0.784252 0.245151
vn -0.328094 0.899383 0.288902
vn -0.164085 0.939714 0.300024
vn 0.006392 0.952682 0.303902
vn -0.926088 -0.376489 -0.024818
vn -0.634049 -0.742462 -0.216174
vn -0.932314 -0.361596 -0.006206
vn -0.959650 -0.279503 0.030807
vn -0.981710 -0.180551 0.060392
vn -0.922084 -0.357646 -0.147820
vn -0.932327 -0.353622 -0.075614
vn -0.818624 -0.539486 -0.197002
vn -0.996909 -0.047274 0.062746
vn -0.993205 0.087817 0.076362
vn -0.945972 0.310961 0.091872
vn -0.795477 0.601148 0.076398
vn -0.574491 0.815896 0.065377
vn -0.354866 0.931005 0.085435
vn -0.177363 0.979611 0.094363
vn 0.001087 0.995398 0.095824
vn -0.898946 -0.434366 -0.056760
vn -0.610656 -0.706837 -0.357045
vn -0.926504 -0.374015 -0.041261
vn -0.958978 -0.280723 -0.039453
vn -0.985524 -0.155240 -0.068133
vn -0.849565 -0.444833 -0.283485
vn -0.868421 -0.480797 -0.121156
vn -0.763516 -0.521610 -0.380745
vn -0.995669 -0.032725 -0.087018
vn -0.992355 0.082202 -0.092060
vn -0.944347 0.310385 -0.108951
vn -0.798910 0.591678 -0.107983
vn -0.581108 0.807950 -0.097624
vn -0.361018 0.927148 -0.100316
vn -0.187626 0.977074 -0.100608
vn -0.000000 0.994722 -0.102606
vn -0.863042 -0.477569 -0.164579
vn -0.577145 -0.699889 -0.420784
vn -0.908649 -0.388550 -0.152926
vn -0.946494 -0.270431 -0.176116
vn -0.965387 -0.112910 -0.235117
vn -0.787657 -0.509310 -0.346697
vn -0.796235 -0.566319 -0.212821
vn -0.726922 -0.542109 -0.421548
vn -0.970248 -0.041972 -0.238449
vn -0.967200 0.066968 -0.245030
vn -0.922714 0.293308 -0.250139
vn -0.807165 0.549660 -0.215311
vn -0.567295 0.787052 -0.242333
vn -0.331780 0.898243 -0.288237
vn -0.206455 0.937753 -0.279278
vn -0.015279 0.958248 -0.285529
vn -0.821424 -0.496594 -0.280458
vn -0.554396 -0.719777 -0.417812
vn -0.869540 -0.401943 -0.286954
vn -0.907099 -0.268210 -0.324398
vn -0.932537 -0.137260 -0.333969
vn -0.784885 -0.555168 -0.275216
vn -0.783380 -0.549788 -0.289911
vn -0.700509 -0.635732 -0.324241
vn -0.935213 -0.047403 -0.350899
vn -0.924071 0.068140 -0.376097
vn -0.901548 0.246616 -0.355515
vn -0.828352 0.470395 -0.304240
vn -0.558196 0.741636 -0.372012
vn -0.269317 0.847945 -0.456572
vn -0.168939 0.858794 -0.483665
vn 0.009602 0.871646 -0.490042
vn -0.819366 -0.489047 -0.299121
vn -0.455786 -0.734813 -0.502303
vn -0.854713 -0.393391 -0.338687
vn -0.889214 -0.274592 -0.365921
vn -0.913215 -0.172217 -0.369297
vn -0.710600 -0.658354 -0.248230
vn -0.785271 -0.557817 -0.268682
vn -0.552293 -0.772106 -0.314363
vn -0.912013 -0.037058 -0.408484
vn -0.901448 0.069025 -0.427348
vn -0.898993 0.190354 -0.394432
vn -0.811551 0.395937 -0.429672
vn -0.519347 0.634646 -0.572278
vn -0.222167 0.725082 -0.651842
vn -0.110126 0.717583 -0.687712
vn 0.026340 0.722385 -0.690990
vn -0.724949 -0.539799 -0.427862
vn -0.313140 -0.705182 -0.636130
vn -0.764092 -0.431977 -0.479124
vn -0.797565 -0.328429 -0.505989
vn -0.810105 -0.208641 -0.547904
vn -0.519459 -0.762349 -0.385987
vn -0.648689 -0.654761 -0.387932
vn -0.344710 -0.851498 -0.395127
vn -0.820188 -0.083954 -0.565901
vn -0.823023 0.035849 -0.566876
vn -0.808788 0.175910 -0.561175
vn -0.751147 0.336666 -0.567833
vn -0.473289 0.431889 -0.767769
vn -0.223843 0.494830 -0.839665
vn -0.117021 0.513731 -0.849933
vn 0.005787 0.517348 -0.855756
vn -0.553317 -0.799628 -0.233312
vn -0.431466 -0.594611 -0.678435
vn -0.204796 -0.802783 -0.559998
vn -0.465445 -0.510985 -0.722672
vn -0.504926 -0.407400 -0.760970
vn -0.519235 -0.281938 -0.806787
vn -0.328198 -0.786858 -0.522628
vn -0.373638 -0.697845 -0.611071
vn -0.281696 -0.846898 -0.451012
vn -0.528627 -0.151502 -0.835225
vn -0.528858 0.010822 -0.848642
vn -0.490802 0.204940 -0.846825
vn -0.260213 0.242657 -0.934562
vn -0.152170 0.269622 -0.950867
vn -0.009865 0.271799 -0.962304
vn -0.282026 0.012132 -0.959330
vn -0.176220 0.026227 -0.984001
vn -0.016159 0.025870 -0.999535
vn -0.290207 -0.169995 -0.941744
vn -0.177589 -0.173898 -0.968618
vn 0.004392 -0.176184 -0.984347
vn 0.013488 -0.342219 -0.939523
vn -0.156716 -0.340403 -0.927128
vn -0.284346 -0.313010 -0.906185
vn -0.002889 -0.441887 -0.897066
vn -0.151951 -0.441082 -0.884510
vn -0.275020 -0.433474 -0.858175
vn -0.004673 -0.535709 -0.844390
vn -0.153020 -0.536320 -0.830028
vn -0.251321 -0.539748 -0.803436
vn 0.015862 -0.638166 -0.769735
vn -0.114494 -0.640836 -0.759091
vn -0.217581 -0.615940 -0.757150
vn 0.012075 -0.738364 -0.674295
vn -0.057390 -0.741153 -0.668878
vn -0.158178 -0.716436 -0.679484
vn 0.001086 -0.752019 -0.659141
vn -0.032499 -0.755140 -0.654758
vn -0.149444 -0.765722 -0.625569
vn -0.003930 -0.752177 -0.658949
vn -0.052568 -0.758119 -0.649994
vn -0.198532 -0.801475 -0.564113
vn -0.005301 -0.808117 -0.588998
vn -0.113096 -0.810263 -0.575050
vn -0.176589 -0.857421 -0.483369
vn -0.490495 -0.793965 -0.359213
vn -0.450096 -0.787072 -0.421818
vn -0.441737 -0.775506 -0.451065
vn -0.383625 -0.733931 -0.560515
vn -0.271457 -0.660467 -0.700067
vn -0.121429 -0.756186 -0.642992
vn 0.002881 -0.815948 -0.578119
vn -0.155182 -0.806415 -0.570625
vn -0.156844 -0.829417 -0.536160
vn 0.004299 -0.901652 0.432442
vn -0.231104 -0.873484 0.428506
vn -0.357354 -0.846462 0.394716
vn -0.457111 -0.823165 0.336822
vn -0.547951 -0.779282 0.304088
vn -0.612090 -0.750052 0.250535
vn -0.721364 -0.683606 0.110982
vn -0.778301 -0.627890 0.001152
vn -0.793519 -0.598462 -0.110316
vn -0.777771 -0.563753 -0.277949
vn -0.749812 -0.536353 -0.387438
vn -0.707572 -0.513009 -0.485966
vn -0.568203 -0.474054 -0.672621
vn -0.368247 -0.432073 -0.823230
vn -0.214019 -0.409844 -0.886693
vn 0.095229 -0.399355 -0.911837
vn -0.008267 -0.394038 -0.919057
vn -0.174765 -0.385214 -0.906128
vn -0.012473 -0.438168 0.898807
vn -0.191532 -0.433917 0.880359
vn -0.367340 -0.425596 0.827000
vn -0.548461 -0.401364 0.733551
vn -0.624835 -0.373387 0.685684
vn -0.723963 -0.337963 0.601381
vn -0.858287 -0.277683 0.431550
vn -0.938155 -0.220944 0.266551
vn -0.981317 -0.170541 0.089064
vn -0.987375 -0.116214 -0.107636
vn -0.964536 -0.075418 -0.252949
vn -0.906905 -0.029756 -0.420283
vn -0.723676 0.052236 -0.688160
vn -0.478285 0.120503 -0.869898
vn -0.293235 0.155509 -0.943308
vn 0.317484 0.172515 -0.932439
vn 0.371191 0.164102 -0.913941
vn -0.144834 0.179994 -0.972947
vn -0.015113 -0.890211 0.455299
vn -0.181899 -0.696079 0.694540
vn -0.329850 -0.690923 0.643292
vn -0.490247 -0.671402 0.555767
vn -0.556516 -0.658758 0.506288
vn -0.640401 -0.641404 0.422477
vn -0.754359 -0.600421 0.265399
vn -0.820442 -0.559894 0.115731
vn -0.855016 -0.517028 -0.040370
vn -0.857910 -0.468398 -0.211172
vn -0.837886 -0.429877 -0.336383
vn -0.786027 -0.388857 -0.480573
vn -0.626360 -0.317808 -0.711808
vn -0.416581 -0.254756 -0.872674
vn -0.256269 -0.225689 -0.939889
vn 0.281303 -0.709077 -0.646589
vn 0.170926 -0.318100 -0.932522
vn -0.133181 -0.208084 -0.969001
vn -0.885129 -0.207335 -0.416604
vn 0.557270 0.023329 0.830004
vn 0.439888 -0.152319 0.885041
vn 0.298677 -0.628481 0.718195
vn 0.131959 -0.878233 0.459667
vn -0.127534 -0.898748 0.419509
vn -0.370626 -0.842937 0.389992
vn -0.414633 -0.014153 0.909879
vn -0.560019 -0.236113 0.794122
vn -0.246071 0.969198 0.010227
vn 0.124077 -0.163039 0.978787
vn -0.467778 -0.457851 0.756013
vn 0.462647 -0.219324 0.858985
vn -0.051146 -0.087333 0.994865
vn 0.931234 0.222742 0.288426
vn 0.468533 0.097987 -0.877995
vn -0.245770 -0.270711 0.930759
vn 0.249021 0.134848 -0.959064
vn -0.202446 -0.260725 0.943948
vn -0.536336 0.842150 -0.055912
vn 0.283960 0.142170 -0.948237
vn -0.171221 -0.233365 0.957196
vn -0.855313 0.467617 -0.223103
vn 0.309176 0.164029 -0.936752
vn -0.160156 -0.195881 0.967461
vn -0.946905 0.026280 -0.320439
vn 0.317613 0.194326 -0.928094
vn -0.172258 -0.157945 0.972307
vn -0.840060 -0.416660 -0.347410
vn 0.307165 0.224575 -0.924779
vn -0.204686 -0.129466 0.970228
vn -0.516099 -0.804508 -0.293952
vn 0.281007 0.246513 -0.927506
vn -0.249079 -0.118238 0.961239
vn 0.009087 -0.989362 -0.145191
vn 0.246425 0.254418 -0.935172
vn -0.293398 -0.127662 0.947428
vn 0.536326 -0.842156 0.055933
vn 0.212649 0.246517 -0.945521
vn -0.248191 -0.195645 0.948749
vn -0.325341 -0.155390 0.932742
vn 0.855309 -0.467620 0.223111
vn 0.188367 0.225170 -0.955937
vn -0.336132 -0.193799 0.921660
vn 0.946906 -0.026275 0.320436
vn 0.179702 0.195965 -0.964005
vn -0.323037 -0.232295 0.917435
vn 0.840058 0.416659 0.347415
vn 0.188996 0.166296 -0.967794
vn -0.289887 -0.260412 0.920951
vn 0.516102 0.804506 0.293952
vn 0.214218 0.143846 -0.966136
vn -0.009089 0.989362 0.145194
vn 0.249389 0.194934 -0.948581
vn -0.458434 0.166388 0.873014
vn -0.605457 0.020333 0.795618
vn -0.642683 -0.170243 0.746978
vn -0.576478 -0.351928 0.737441
vn -0.425014 -0.482527 0.765853
vn -0.226945 -0.523825 0.821038
vn -0.043456 -0.467012 0.883183
vn 0.077884 -0.342071 0.936441
vn 0.123047 -0.185515 0.974907
vn 0.088840 -0.019975 0.995846
vn -0.034702 0.128197 0.991141
vn -0.239105 0.206730 0.948732
vn 0.001763 0.513687 -0.857976
vn -0.144364 0.366575 -0.919120
vn -0.197760 0.180429 -0.963502
vn -0.153404 -0.013819 -0.988067
vn -0.004465 -0.182687 -0.983161
vn 0.233462 -0.268758 -0.934486
vn 0.484455 -0.220725 -0.846513
vn 0.652760 -0.054670 -0.755589
vn 0.697446 0.162877 -0.697883
vn 0.623801 0.372967 -0.686853
vn 0.450282 0.526613 -0.721058
vn 0.219452 0.577914 -0.786038
vn 0.347484 0.937415 0.022525
vn 0.209754 -0.968553 -0.133822
vn -0.234229 -0.083105 0.968623
vn -0.468931 -0.827164 -0.309682
vn 0.900868 0.037115 0.432504
vn 0.958066 0.254363 0.131943
vn 0.649605 0.759350 -0.037424
vn 0.468590 -0.325662 -0.821199
vn 0.458443 0.887869 0.038965
vn -0.466519 0.036830 0.883744
vn -0.854333 -0.346517 -0.387351
vn -0.268380 0.169043 0.948365
vn -0.696637 -0.648242 -0.307374
vn 0.065394 -0.449224 -0.891023
vn -0.224074 0.277467 -0.934239
vn -0.240122 -0.311878 -0.919279
vn 0.872459 0.488528 -0.012450
vn -0.135854 0.034777 0.990118
vn 0.529844 -0.848066 0.006991
vn 0.997690 -0.066560 0.013581
vn -0.309959 -0.313168 0.897692
vn -0.828038 0.371479 -0.419947
vn 0.400465 0.893567 -0.202892
vn -0.544188 -0.112628 0.831369
vn -0.211868 0.927686 -0.307426
vn 0.277345 0.424937 -0.861689
vn 0.972779 0.224481 0.057534
vn 0.575435 -0.195994 -0.794016
vn -0.416492 -0.908464 0.035040
vn -0.495089 0.221724 0.840074
vn 0.927285 0.272078 0.257129
vn -0.232517 0.218938 0.947630
vn 0.732760 0.663558 -0.150846
vn 0.248413 -0.149887 -0.956987
vn 0.382073 0.265620 -0.885136
vn -0.925867 -0.349053 -0.144677
vn 0.325809 0.146099 -0.934079
vn -0.488113 -0.246154 0.837349
vn -0.105867 -0.956543 -0.271695
vn 0.999568 -0.003180 0.029212
vn -0.520761 -0.342748 0.781877
vn -0.982475 0.123738 -0.139401
vn -0.407494 -0.218472 0.886690
vn -0.407677 -0.058807 0.911231
vn -0.105691 0.453087 0.885179
vn -0.196995 -0.449678 0.871196
vn 0.599261 -0.056968 -0.798524
vn 0.301750 0.952090 0.049712
vn -0.228094 -0.926826 -0.298275
vn 0.695875 0.291510 -0.656338
vn 0.508642 0.459837 -0.727897
vn -0.342321 -0.266502 0.900996
vn 0.925368 -0.378235 -0.025123
vn 0.678600 0.725987 0.111554
vn 0.216946 -0.014227 0.976080
vn -0.400712 0.118915 0.908454
vn 0.235784 -0.475967 -0.847267
vn 0.562632 0.826698 -0.003993
vn -0.570154 -0.746847 -0.342262
vn 0.001991 -0.998248 -0.059135
vn -0.593028 -0.389551 0.704675
vn 0.637453 0.374510 -0.673347
vn -0.178601 0.578125 0.796161
vn -0.176926 0.162136 0.970778
vn -0.167728 -0.440819 -0.881786
vn 0.755828 0.653980 -0.032162
vn -0.754810 -0.555429 -0.348942
vn 0.219253 0.650621 0.727063
vn 0.602645 0.313777 -0.733733
vn -0.633666 -0.291744 0.716487
vn -0.451962 -0.882712 -0.128646
vn -0.187977 -0.167472 0.967790
vn -0.266883 0.067567 -0.961358
vn 0.969333 0.245717 0.004180
vn -0.918137 -0.116040 -0.378893
vn -0.710322 -0.692005 -0.128730
vn -0.688167 -0.265675 0.675161
vn 0.648352 0.293863 -0.702342
vn 0.565999 0.383671 0.729686
vn -0.437261 -0.277528 0.855442
vn 0.055379 0.505226 -0.861208
vn 0.886268 -0.463093 0.008608
vn -0.668666 0.643658 -0.372278
vn 0.765764 0.198181 -0.611825
vn -0.959508 -0.152771 -0.236653
vn 0.544196 -0.343660 0.765342
vn -0.788806 -0.129545 0.600836
vn -0.565510 0.079494 0.820902
vn 0.636463 -0.058422 -0.769092
vn 0.027247 -0.999397 0.021526
vn 0.099122 0.960324 -0.260677
vn -0.065268 -0.755570 0.651808
vn 0.720868 -0.364952 -0.589202
vn -0.657444 0.473151 0.586426
vn -0.892832 0.439842 -0.096896
vn -0.448448 0.232427 0.863060
vn 0.193302 -0.306177 -0.932143
vn -0.736259 -0.673403 -0.066717
vn 0.537576 0.829004 -0.154156
vn -0.648058 0.586849 -0.485416
vn -0.208888 0.753292 0.623633
vn 0.203156 -0.727883 -0.654915
vn -0.628963 -0.422461 0.652634
vn 0.553943 0.324340 0.766780
vn 0.087583 -0.904637 -0.417087
vn 0.969865 0.242218 0.026302
vn 0.777688 0.615193 0.129378
vn -0.364471 -0.076607 0.928058
vn 0.314837 0.072820 -0.946348
vn 0.198126 0.685129 0.700960
vn -0.604544 -0.654818 -0.453586
vn -0.993885 0.009513 -0.110014
vn 0.976964 0.205364 0.058019
vn -0.559770 -0.312507 0.767461
vn 0.397746 0.262405 -0.879171
vn 0.757302 0.235536 -0.609111
vn 0.367881 -0.015849 0.929738
vn -0.745597 -0.338349 0.574113
vn -0.354152 -0.088939 -0.930949
vn -0.822642 -0.444721 -0.354235
vn 0.701693 -0.710960 -0.046507
vn -0.466226 -0.564178 0.681423
vn 0.350648 -0.080378 -0.933052
vn -0.149671 0.325270 -0.933701
vn 0.698160 0.248105 -0.671577
vn 0.221188 -0.415382 0.882346
vn -0.718588 -0.217199 0.660648
vn -0.710402 -0.118009 0.693832
vn 0.561804 0.446736 -0.696278
vn 0.321014 -0.705658 -0.631662
vn -0.258330 0.486492 0.834621
vn -0.441207 -0.461194 0.769829
vn 0.609715 0.435331 -0.662370
vn 0.972639 0.231628 -0.017928
vn 0.219283 0.404398 0.887906
vn 0.155246 -0.362698 0.918885
vn 0.623577 0.328095 -0.709581
vn -0.201467 -0.834512 -0.512836
vn -0.001180 0.639194 0.769044
vn -0.634362 -0.323465 0.702108
vn 0.611960 0.305656 -0.729437
vn -0.563102 -0.691291 -0.452805
vn 0.408096 0.583398 0.702214
vn -0.653668 -0.274199 0.705360
vn 0.701573 0.280782 -0.654948
vn -0.789743 -0.292884 -0.539004
vn 0.627507 0.042152 0.777469
vn -0.735237 -0.231037 0.637219
vn 0.807371 -0.023869 -0.589561
vn -0.708658 0.430006 -0.559374
vn 0.305847 -0.629963 0.713866
vn -0.790259 0.136090 0.597470
vn 0.475456 -0.654136 -0.588258
vn 0.111832 0.744975 -0.657652
vn -0.423001 -0.654270 0.626897
vn -0.427303 0.687690 0.586937
vn -0.078176 -0.381072 -0.921234
vn 0.224947 0.046803 -0.973246
vn -0.666864 -0.255711 0.699931
vn -0.103542 0.726382 0.679447
vn 0.756158 0.210054 -0.619760
vn -0.771990 -0.274409 0.573351
vn 0.460913 0.099499 0.881850
vn 0.627144 0.567729 0.533268
vn -0.265008 0.274715 -0.924285
vn -0.771575 -0.247540 0.586000
vn 0.755782 0.271367 -0.595948
vn 0.322558 -0.152575 0.934172
vn -0.044578 0.068370 -0.996664
vn -0.666244 -0.395250 0.632374
vn 0.635198 -0.037512 -0.771437
vn -0.002468 -0.665407 0.746477
vn 0.124693 -0.828004 -0.546682
vn 0.171882 -0.795037 -0.581698
vn -0.038228 -0.988721 -0.144805
vn 0.347113 -0.755681 -0.555391
vn -0.013347 0.965597 -0.259699
vn 0.118323 0.747543 -0.653589
vn 0.237188 0.743547 -0.625203
vn 0.348928 0.698064 -0.625265
vn 0.540273 0.631588 -0.556059
vn 0.923480 0.292551 -0.248191
vn 0.978917 -0.198843 -0.046722
vn 0.758887 -0.570424 -0.314177
vn -0.101818 -0.675765 0.730051
vn -0.140725 -0.651063 0.745864
vn -0.091400 -0.679727 0.727748
vn -0.237682 -0.547497 0.802343
vn -0.065952 0.684880 0.725665
vn -0.105373 0.671666 0.733322
vn -0.194622 0.620339 0.759803
vn -0.271014 0.543605 0.794383
vn -0.331339 0.411211 0.849188
vn -0.385147 0.147678 0.910963
vn -0.397028 -0.082373 0.914103
vn -0.353962 -0.304905 0.884163
vn -0.712855 0.141191 0.686951
vn -0.375465 0.832325 0.407751
vn 0.274134 0.943216 0.187600
vn -0.646536 -0.074734 0.759214
vn -0.604965 -0.382119 0.698571
vn -0.288600 -0.882630 0.371044
vn -0.160709 0.161906 0.973632
vn 0.083462 0.965403 0.247046
vn -0.331256 0.074644 0.940584
vn -0.276825 -0.910340 0.307651
vn -0.684712 0.404071 0.606544
vn -0.658498 -0.258513 0.706789
vn -0.355070 -0.786923 0.504655
f 664/1/664 2/2/2 4/3/4 665/4/665
f 4/3/4 2/2/2 3/5/3 1/6/1
f 1/6/1 3/5/3 6/7/6 5/8/5
f 12/9/12 11/10/11 10/11/10 9/12/9
f 9/12/9 10/11/10 7/13/7 8/14/8
f 13/15/13 14/16/14 11/10/11 12/9/12
f 16/17/16 15/18/15 14/16/14 13/15/13
f 17/19/17 18/20/18 15/18/15 16/17/16
f 20/21/20 19/22/19 18/20/18 17/19/17
f 5/8/5 6/7/6 19/22/19 20/21/20
f 8/14/8 7/13/7 669/23/669 668/24/668
f 10/11/10 11/10/11 26/25/26 25/26/25
f 3/5/3 2/2/2 21/27/21 22/28/22
f 19/22/19 6/7/6 23/29/23 30/30/30
f 7/13/7 10/11/10 25/26/25 24/31/24
f 2/2/2 664/1/664 686/32/686 21/27/21
f 6/7/6 3/5/3 22/28/22 23/29/23
f 18/20/18 19/22/19 30/30/30 29/33/29
f 669/23/669 7/13/7 24/31/24 688/34/688
f 15/18/15 18/20/18 29/33/29 28/35/28
f 14/16/14 15/18/15 28/35/28 27/36/27
f 11/10/11 14/16/14 27/36/27 26/25/26
f 4/3/4 1/6/1 31/37/31 32/38/32
f 13/15/13 12/9/12 36/39/36 37/40/37
f 12/9/12 9/12/9 35/41/35 36/39/36
f 665/4/665 4/3/4 32/38/32 698/42/698
f 5/8/5 20/21/20 40/43/40 33/44/33
f 9/12/9 8/14/8 34/45/34 35/41/35
f 1/6/1 5/8/5 33/44/33 31/37/31
f 20/21/20 17/19/17 39/46/39 40/43/40
f 8/14/8 668/24/668 700/47/700 34/45/34
f 17/19/17 16/17/16 38/48/38 39/46/39
f 16/17/16 13/15/13 37/40/37 38/48/38
f 36/39/36 35/41/35 45/49/45 46/50/46
f 698/42/698 32/38/32 42/51/42 710/52/710
f 33/44/33 40/43/40 50/53/50 43/54/43
f 38/48/38 37/40/37 47/55/47 48/56/48
f 31/37/31 33/44/33 43/54/43 41/57/41
f 37/40/37 36/39/36 46/50/46 47/55/47
f 39/46/39 38/48/38 48/56/48 49/58/49
f 35/41/35 34/45/34 44/59/44 45/49/45
f 34/45/34 700/47/700 712/60/712 44/59/44
f 32/38/32 31/37/31 41/57/41 42/51/42
f 40/43/40 39/46/39 49/58/49 50/53/50
f 48/56/48 47/55/47 57/61/57 58/62/58
f 41/57/41 43/54/43 53/63/53 51/64/51
f 47/55/47 46/50/46 56/65/56 57/61/57
f 49/58/49 48/56/48 58/62/58 59/66/59
f 45/49/45 44/59/44 54/67/54 55/68/55
f 44/59/44 712/60/712 724/69/724 54/67/54
f 42/51/42 41/57/41 51/64/51 52/70/52
f 50/53/50 49/58/49 59/66/59 60/71/60
f 46/50/46 45/49/45 55/68/55 56/65/56
f 710/52/710 42/51/42 52/70/52 722/72/722
f 43/54/43 50/53/50 60/71/60 53/63/53
f 722/72/722 52/70/52 62/73/62 734/74/734
f 52/70/52 51/64/51 61/75/61 62/73/62
f 734/74/734 62/73/62 64/76/64 737/77/737
f 62/73/62 61/75/61 63/78/63 64/76/64
f 737/77/737 64/76/64 66/79/66 740/80/740
f 64/76/64 63/78/63 65/81/65 66/79/66
f 740/80/740 66/79/66 68/82/68 743/83/743
f 66/79/66 65/81/65 67/84/67 68/82/68
f 743/83/743 68/82/68 70/85/70 746/86/746
f 68/82/68 67/84/67 69/87/69 70/85/70
f 746/86/746 70/85/70 72/88/72 749/89/749
f 70/85/70 69/87/69 71/90/71 72/88/72
f 71/90/71 69/87/69 74/91/74 75/92/75
f 69/87/69 67/84/67 73/93/73 74/91/74
f 73/93/73 67/84/67 76/94/76 77/95/77
f 77/95/77 76/94/76 78/96/78 79/97/79
f 79/97/79 78/96/78 80/98/80 81/99/81
f 81/99/81 80/98/80 82/100/82 83/101/83
f 83/101/83 82/100/82 84/102/84 85/103/85
f 85/103/85 84/102/84 86/104/86 87/105/87
f 87/105/87 86/104/86 88/106/88 89/107/89
f 89/107/89 88/106/88 90/108/90 91/109/91
f 91/109/91 90/108/90 92/110/92 93/111/93
f 75/92/75 93/111/93 92/110/92 71/90/71
f 749/89/749 72/88/72 95/112/95 773/113/773
f 72/88/72 71/90/71 92/110/92 95/112/95
f 73/93/73 77/95/77 98/114/98 94/115/94
f 91/109/91 93/111/93 106/116/106 105/117/105
f 89/107/89 91/109/91 105/117/105 104/118/104
f 75/92/75 74/91/74 96/119/96 97/120/97
f 87/105/87 89/107/89 104/118/104 103/121/103
f 93/111/93 75/92/75 97/120/97 106/116/106
f 85/103/85 87/105/87 103/121/103 102/122/102
f 83/101/83 85/103/85 102/122/102 101/123/101
f 81/99/81 83/101/83 101/123/101 100/124/100
f 79/97/79 81/99/81 100/124/100 99/125/99
f 77/95/77 79/97/79 99/125/99 98/114/98
f 74/91/74 73/93/73 94/115/94 96/119/96
f 63/78/63 61/75/61 107/126/107 108/127/108
f 65/81/65 63/78/63 108/127/108 109/128/109
f 67/84/67 65/81/65 109/128/109 76/94/76
f 61/75/61 51/64/51 53/63/53 107/126/107
f 76/94/76 109/128/109 112/129/112 78/96/78
f 108/127/108 107/126/107 110/130/110 111/131/111
f 109/128/109 108/127/108 111/131/111 112/129/112
f 107/126/107 53/63/53 60/71/60 110/130/110
f 54/67/54 724/69/724 791/132/791 113/133/113
f 59/66/59 58/62/58 117/134/117 118/135/118
f 56/65/56 55/68/55 114/136/114 115/137/115
f 57/61/57 56/65/56 115/137/115 116/138/116
f 60/71/60 59/66/59 118/135/118 110/130/110
f 58/62/58 57/61/57 116/138/116 117/134/117
f 55/68/55 54/67/54 113/133/113 114/136/114
f 117/134/117 116/138/116 122/139/122 123/140/123
f 114/136/114 113/133/113 119/141/119 120/142/120
f 116/138/116 115/137/115 121/143/121 122/139/122
f 118/135/118 117/134/117 123/140/123 124/144/124
f 115/137/115 114/136/114 120/142/120 121/143/121
f 113/133/113 791/132/791 798/145/798 119/141/119
f 110/130/110 118/135/118 124/144/124 111/131/111
f 124/144/124 123/140/123 128/146/128 127/147/127
f 122/139/122 121/143/121 130/148/130 129/149/129
f 111/131/111 124/144/124 127/147/127 112/129/112
f 128/146/128 129/149/129 131/150/131 125/151/125
f 112/129/112 127/147/127 126/152/126 78/96/78
f 123/140/123 122/139/122 129/149/129 128/146/128
f 127/147/127 128/146/128 125/151/125 126/152/126
f 129/149/129 130/148/130 132/153/132 131/150/131
f 126/152/126 125/151/125 133/154/133 134/155/134
f 125/151/125 131/150/131 135/156/135 133/154/133
f 131/150/131 132/153/132 136/157/136 135/156/135
f 78/96/78 126/152/126 134/155/134 80/98/80
f 135/156/135 136/157/136 140/158/140 139/159/139
f 80/98/80 134/155/134 138/160/138 82/100/82
f 133/154/133 135/156/135 139/159/139 137/161/137
f 134/155/134 133/154/133 137/161/137 138/160/138
f 130/148/130 121/143/121 143/162/143 144/163/144
f 140/158/140 136/157/136 146/164/146 147/165/147
f 132/153/132 130/148/130 144/163/144 145/166/145
f 136/157/136 132/153/132 145/166/145 146/164/146
f 120/142/120 119/141/119 141/167/141 142/168/142
f 119/141/119 798/145/798 821/169/821 141/167/141
f 121/143/121 120/142/120 142/168/142 143/162/143
f 147/165/147 146/164/146 153/170/153 154/171/154
f 145/166/145 144/163/144 151/172/151 152/173/152
f 141/167/141 821/169/821 829/174/829 148/175/148
f 143/162/143 142/168/142 149/176/149 150/177/150
f 146/164/146 145/166/145 152/173/152 153/170/153
f 144/163/144 143/162/143 150/177/150 151/172/151
f 142/168/142 141/167/141 148/175/148 149/176/149
f 152/173/152 151/172/151 158/178/158 159/179/159
f 148/175/148 829/174/829 837/180/837 155/181/155
f 150/177/150 149/176/149 156/182/156 157/183/157
f 153/170/153 152/173/152 159/179/159 160/184/160
f 151/172/151 150/177/150 157/183/157 158/178/158
f 149/176/149 148/175/148 155/181/155 156/182/156
f 154/171/154 153/170/153 160/184/160 161/185/161
f 92/110/92 90/108/90 163/186/163 164/187/164
f 95/112/95 92/110/92 164/187/164 165/188/165
f 773/113/773 95/112/95 165/188/165 849/189/849
f 90/108/90 88/106/88 162/190/162 163/186/163
f 165/188/165 164/187/164 168/191/168 169/192/169
f 164/187/164 163/186/163 167/193/167 168/191/168
f 849/189/849 165/188/165 169/192/169 854/194/854
f 163/186/163 162/190/162 166/195/166 167/193/167
f 169/192/169 168/191/168 172/196/172 173/197/173
f 168/191/168 167/193/167 171/198/171 172/196/172
f 854/194/854 169/192/169 173/197/173 859/199/859
f 167/193/167 166/195/166 170/200/170 171/198/171
f 171/198/171 170/200/170 174/201/174 175/202/175
f 173/197/173 172/196/172 176/203/176 177/204/177
f 172/196/172 171/198/171 175/202/175 176/203/176
f 859/199/859 173/197/173 177/204/177 864/205/864
f 88/106/88 86/104/86 180/206/180 181/207/181
f 137/161/137 139/159/139 184/208/184 182/209/182
f 86/104/86 84/102/84 179/210/179 180/206/180
f 139/159/139 140/158/140 185/211/185 184/208/184
f 166/195/166 162/190/162 186/212/186 187/213/187
f 84/102/84 82/100/82 178/214/178 179/210/179
f 174/201/174 170/200/170 188/215/188 189/216/189
f 162/190/162 88/106/88 181/207/181 186/212/186
f 138/160/138 137/161/137 182/209/182 183/217/183
f 82/100/82 138/160/138 183/217/183 178/214/178
f 170/200/170 166/195/166 187/213/187 188/215/188
f 864/218/864 177/219/177 193/220/193 881/221/881
f 175/222/175 174/201/174 189/216/189 191/223/191
f 177/219/177 176/224/176 192/225/192 193/220/193
f 176/224/176 175/222/175 191/223/191 192/225/192
f 140/158/140 147/165/147 194/226/194 185/211/185
f 188/215/188 187/213/187 202/227/202 203/228/203
f 192/225/192 191/223/191 205/229/205 206/230/206
f 181/207/181 180/206/180 196/231/196 197/232/197
f 191/223/191 189/216/189 204/233/204 205/229/205
f 189/216/189 188/215/188 203/228/203 204/233/204
f 881/221/881 193/220/193 207/234/207 896/235/896
f 182/209/182 184/208/184 200/236/200 198/237/198
f 193/220/193 192/225/192 206/230/206 207/234/207
f 183/217/183 182/209/182 198/237/198 199/238/199
f 184/208/184 185/211/185 194/226/194 200/236/200
f 178/214/178 183/217/183 199/238/199 190/239/190
f 186/212/186 181/207/181 197/232/197 201/240/201
f 179/210/179 178/214/178 190/239/190 195/241/195
f 187/213/187 186/212/186 201/240/201 202/227/202
f 180/206/180 179/210/179 195/241/195 196/231/196
f 205/229/205 204/233/204 219/242/219 220/243/220
f 201/240/201 197/232/197 212/244/212 216/245/216
f 200/236/200 194/226/194 209/246/209 215/247/215
f 202/227/202 201/240/201 216/245/216 217/248/217
f 195/241/195 190/239/190 208/249/208 210/250/210
f 203/228/203 202/227/202 217/248/217 218/251/218
f 204/233/204 203/228/203 218/251/218 219/242/219
f 197/232/197 196/231/196 211/252/211 212/244/212
f 206/230/206 205/229/205 220/243/220 221/253/221
f 198/237/198 200/236/200 215/247/215 213/254/213
f 196/231/196 195/241/195 210/250/210 211/252/211
f 896/235/896 207/234/207 222/255/222 912/256/912
f 199/238/199 198/237/198 213/254/213 214/257/214
f 207/234/207 206/230/206 221/253/221 222/255/222
f 190/239/190 199/238/199 214/257/214 208/249/208
f 208/249/208 214/257/214 229/258/229 223/259/223
f 220/243/220 219/242/219 234/260/234 235/261/235
f 216/245/216 212/244/212 227/262/227 231/263/231
f 215/247/215 209/246/209 224/264/224 230/265/230
f 217/248/217 216/245/216 231/263/231 232/266/232
f 211/252/211 210/250/210 225/267/225 226/268/226
f 218/251/218 217/248/217 232/266/232 233/269/233
f 210/250/210 208/249/208 223/259/223 225/267/225
f 219/242/219 218/251/218 233/269/233 234/260/234
f 212/244/212 211/252/211 226/268/226 227/262/227
f 221/253/221 220/243/220 235/261/235 236/270/236
f 213/254/213 215/247/215 230/265/230 228/271/228
f 912/256/912 222/255/222 237/272/237 928/273/928
f 214/257/214 213/254/213 228/271/228 229/258/229
f 222/255/222 221/253/221 236/270/236 237/272/237
f 928/273/928 237/272/237 252/274/252 944/275/944
f 229/258/229 228/271/228 243/276/243 244/277/244
f 237/272/237 236/270/236 251/278/251 252/274/252
f 223/259/223 229/258/229 244/277/244 238/279/238
f 235/261/235 234/260/234 249/280/249 250/281/250
f 231/263/231 227/262/227 242/282/242 246/283/246
f 230/265/230 224/264/224 239/284/239 245/285/245
f 232/266/232 231/263/231 246/283/246 247/286/247
f 226/268/226 225/267/225 240/287/240 241/288/241
f 233/269/233 232/266/232 247/286/247 248/289/248
f 225/267/225 223/259/223 238/279/238 240/287/240
f 234/260/234 233/269/233 248/289/248 249/280/249
f 227/262/227 226/268/226 241/288/241 242/282/242
f 236/270/236 235/261/235 250/281/250 251/278/251
f 228/271/228 230/265/230 245/285/245 243/276/243
f 242/282/242 241/288/241 256/290/256 257/291/257
f 251/278/251 250/281/250 265/292/265 266/293/266
f 243/276/243 245/285/245 260/294/260 258/295/258
f 944/275/944 252/274/252 267/296/267 960/297/960
f 244/277/244 243/276/243 258/295/258 259/298/259
f 252/274/252 251/278/251 266/293/266 267/296/267
f 238/279/238 244/277/244 259/298/259 253/299/253
f 250/281/250 249/280/249 264/300/264 265/292/265
f 246/283/246 242/282/242 257/291/257 261/301/261
f 245/285/245 239/284/239 254/302/254 260/294/260
f 247/286/247 246/283/246 261/301/261 262/303/262
f 241/288/241 240/287/240 255/304/255 256/290/256
f 248/289/248 247/286/247 262/303/262 263/305/263
f 240/287/240 238/279/238 253/299/253 255/304/255
f 249/280/249 248/289/248 263/305/263 264/300/264
f 154/171/154 209/246/209 194/226/194 147/165/147
f 263/305/263 262/303/262 277/306/277 278/307/278
f 255/304/255 253/299/253 268/308/268 270/309/270
f 264/300/264 263/305/263 278/307/278 279/310/279
f 257/291/257 256/290/256 271/311/271 272/312/272
f 266/293/266 265/292/265 280/313/280 281/314/281
f 258/295/258 260/294/260 275/315/275 273/316/273
f 960/297/960 267/296/267 282/317/282 976/318/976
f 259/298/259 258/295/258 273/316/273 274/319/274
f 267/296/267 266/293/266 281/314/281 282/317/282
f 253/299/253 259/298/259 274/319/274 268/308/268
f 265/292/265 264/300/264 279/310/279 280/313/280
f 261/301/261 257/291/257 272/312/272 276/320/276
f 260/294/260 254/302/254 269/321/269 275/315/275
f 262/303/262 261/301/261 276/320/276 277/306/277
f 256/290/256 255/304/255 270/309/270 271/311/271
f 280/313/280 279/310/279 294/322/294 295/323/295
f 276/320/276 272/312/272 287/324/287 291/325/291
f 275/315/275 269/321/269 284/326/284 290/327/290
f 277/306/277 276/320/276 291/325/291 292/328/292
f 271/311/271 270/309/270 285/329/285 286/330/286
f 278/307/278 277/306/277 292/328/292 293/331/293
f 270/309/270 268/308/268 283/332/283 285/329/285
f 279/310/279 278/307/278 293/331/293 294/322/294
f 272/312/272 271/311/271 286/330/286 287/324/287
f 281/314/281 280/313/280 295/323/295 296/333/296
f 273/316/273 275/315/275 290/327/290 288/334/288
f 976/318/976 282/317/282 297/335/297 992/336/992
f 274/319/274 273/316/273 288/334/288 289/337/289
f 282/317/282 281/314/281 296/333/296 297/335/297
f 268/308/268 274/319/274 289/337/289 283/332/283
f 209/246/209 154/171/154 161/185/161 298/338/298
f 288/334/288 290/327/290 306/339/306 304/340/304
f 286/330/286 285/329/285 301/341/301 302/342/302
f 292/328/292 291/325/291 307/343/307 308/344/308
f 290/327/290 284/326/284 300/345/300 306/339/306
f 289/337/289 288/334/288 304/340/304 305/346/305
f 285/329/285 283/332/283 299/347/299 301/341/301
f 293/331/293 292/328/292 308/344/308 309/348/309
f 283/332/283 289/337/289 305/346/305 299/347/299
f 287/324/287 286/330/286 302/342/302 303/349/303
f 294/322/294 293/331/293 309/348/309 295/323/295
f 291/325/291 287/324/287 303/349/303 307/343/307
f 297/335/297 296/333/296 310/350/310 311/351/311
f 992/336/992 297/335/297 311/351/311 1007/352/1007
f 296/333/296 295/323/295 309/348/309 310/350/310
f 310/350/310 309/348/309 308/344/308 312/353/312
f 311/351/311 310/350/310 312/353/312 313/354/313
f 1007/352/1007 311/351/311 313/354/313 1010/355/1010
f 312/353/312 308/344/308 307/343/307 314/356/314
f 1010/355/1010 313/354/313 315/357/315 1013/358/1013
f 313/354/313 312/353/312 314/356/314 315/357/315
f 1013/358/1013 315/357/315 316/359/316 1014/360/1014
f 315/357/315 314/356/314 317/361/317 316/359/316
f 314/356/314 307/343/307 303/349/303 317/361/317
f 317/361/317 303/349/303 302/342/302 319/362/319
f 1014/360/1014 316/359/316 318/363/318 1017/364/1017
f 316/359/316 317/361/317 319/362/319 318/363/318
f 319/362/319 302/342/302 301/341/301 321/365/321
f 1017/364/1017 318/363/318 320/366/320 1020/367/1020
f 318/363/318 319/362/319 321/365/321 320/366/320
f 321/365/321 301/341/301 299/347/299 323/368/323
f 1020/367/1020 320/366/320 322/369/322 1023/370/1023
f 320/366/320 321/365/321 323/368/323 322/369/322
f 323/368/323 299/347/299 305/346/305 325/371/325
f 1023/370/1023 322/369/322 324/372/324 1026/373/1026
f 322/369/322 323/368/323 325/371/325 324/372/324
f 325/371/325 305/346/305 304/340/304 327/374/327
f 1026/373/1026 324/372/324 326/375/326 1029/376/1029
f 324/372/324 325/371/325 327/374/327 326/375/326
f 327/374/327 304/340/304 306/339/306 329/377/329
f 1029/376/1029 326/375/326 328/378/328 1032/379/1032
f 326/375/326 327/374/327 329/377/329 328/378/328
f 329/377/329 306/339/306 300/345/300 331/380/331
f 1032/379/1032 328/378/328 330/381/330 1035/382/1035
f 328/378/328 329/377/329 331/380/331 330/381/330
f 269/321/269 254/302/254 334/383/334 335/384/335
f 239/284/239 224/264/224 332/385/332 333/386/333
f 254/302/254 239/284/239 333/386/333 334/383/334
f 224/264/224 209/246/209 298/338/298 332/385/332
f 300/345/300 284/326/284 336/387/336 337/388/337
f 1035/382/1035 330/381/330 338/389/338 1044/390/1044
f 284/326/284 269/321/269 335/384/335 336/387/336
f 331/380/331 300/345/300 337/388/337 339/391/339
f 330/381/330 331/380/331 339/391/339 338/389/338
f 334/383/334 333/386/333 349/392/349 350/393/350
f 157/183/157 156/182/156 341/394/341 342/395/342
f 338/389/338 339/391/339 355/396/355 354/397/354
f 335/384/335 334/383/334 350/393/350 351/398/351
f 336/387/336 335/384/335 351/398/351 352/399/352
f 156/182/156 155/181/155 340/400/340 341/394/341
f 1044/390/1044 338/389/338 354/397/354 1062/401/1062
f 155/181/155 837/180/837 1047/402/1047 340/400/340
f 339/391/339 337/388/337 353/403/353 355/396/355
f 158/178/158 157/183/157 342/395/342 343/404/343
f 159/179/159 158/178/158 343/404/343 344/405/344
f 160/184/160 159/179/159 344/405/344 345/406/345
f 332/385/332 298/338/298 347/407/347 348/408/348
f 298/338/298 161/185/161 346/409/346 347/407/347
f 161/185/161 160/184/160 345/406/345 346/409/346
f 333/386/333 332/385/332 348/408/348 349/392/349
f 337/388/337 336/387/336 352/399/352 353/403/353
f 345/406/345 344/405/344 360/410/360 361/411/361
f 354/397/354 355/396/355 371/412/371 370/413/370
f 346/409/346 345/406/345 361/411/361 362/414/362
f 1062/401/1062 354/397/354 370/413/370 1080/413/1080
f 347/407/347 346/409/346 362/414/362 363/415/363
f 342/395/342 341/394/341 357/416/357 358/417/358
f 355/396/355 353/403/353 369/418/369 371/412/371
f 349/392/349 348/408/348 364/419/364 365/420/365
f 341/394/341 340/400/340 356/421/356 357/416/357
f 352/399/352 351/398/351 367/422/367 368/423/368
f 350/393/350 349/392/349 365/420/365 366/424/366
f 340/400/340 1047/402/1047 1065/425/1065 356/421/356
f 351/398/351 350/393/350 366/424/366 367/422/367
f 343/404/343 342/395/342 358/417/358 359/426/359
f 348/408/348 347/407/347 363/415/363 364/419/364
f 344/405/344 343/404/343 359/426/359 360/410/360
f 353/403/353 352/399/352 368/423/368 369/418/369
f 363/415/363 362/414/362 378/427/378 379/428/379
f 358/417/358 357/416/357 373/429/373 374/430/374
f 371/412/371 369/418/369 385/431/385 386/432/386
f 365/420/365 364/419/364 380/433/380 381/434/381
f 357/416/357 356/421/356 372/435/372 373/429/373
f 368/423/368 367/422/367 383/436/383 384/437/384
f 366/424/366 365/420/365 381/434/381 382/438/382
f 356/421/356 1065/425/1065 1083/439/1083 372/435/372
f 367/422/367 366/424/366 382/438/382 383/436/383
f 359/426/359 358/417/358 374/430/374 375/440/375
f 364/419/364 363/415/363 379/428/379 380/433/380
f 360/410/360 359/426/359 375/440/375 376/441/376
f 369/418/369 368/423/368 384/437/384 385/431/385
f 361/411/361 360/410/360 376/441/376 377/442/377
f 370/413/370 371/412/371 386/432/386 1099/443/1099
f 362/414/362 361/411/361 377/442/377 378/427/378
f 1080/413/1080 370/413/370 1099/443/1099 1098/444/1098
f 373/429/373 372/435/372 1083/439/1083 1098/443/1098 1099/443/1099 386/432/386 385/431/385 384/437/384 383/436/383 382/438/382 381/434/381 380/433/380 379/428/379 378/427/378 377/442/377 376/441/376 375/440/375 374/430/374
f 395/445/395 394/446/394 392/447/392 391/448/391
f 397/449/397 396/450/396 387/451/387 97/452/97
f 399/453/399 398/454/398 390/455/390 389/456/389
f 394/446/394 400/457/400 393/458/393 392/447/392
f 398/454/398 395/445/395 391/448/391 390/455/390
f 401/459/401 399/453/399 389/456/389 388/460/388
f 400/457/400 397/449/397 97/452/97 393/458/393
f 106/461/106 97/462/97 397/449/397 400/457/400
f 101/463/101 102/464/102 399/453/399 401/459/401
f 103/465/103 104/466/104 395/445/395 398/454/398
f 105/467/105 106/461/106 400/457/400 394/446/394
f 102/464/102 103/465/103 398/454/398 399/453/399
f 97/462/97 96/468/96 396/450/396 397/449/397
f 104/466/104 105/467/105 394/446/394 395/445/395
f 402/469/402 105/117/105 104/118/104
f 402/469/402 104/118/104 103/121/103
f 402/469/402 103/121/103 102/122/102
f 402/469/402 102/122/102 101/123/101
f 402/469/402 101/123/101 100/124/100
f 402/469/402 100/124/100 99/125/99
f 402/469/402 99/125/99 98/114/98
f 402/469/402 98/114/98 94/115/94
f 402/469/402 94/115/94 96/119/96
f 402/469/402 96/119/96 97/120/97
f 402/469/402 97/120/97 106/116/106
f 402/469/402 106/116/106 105/117/105
f 440/470/440 404/471/404 407/472/407
f 452/473/452 403/471/403 405/472/405 441/474/441
f 464/473/464 439/475/439 406/476/406 453/474/453
f 403/471/403 426/470/426 405/472/405
f 440/470/440 407/472/407 410/477/410
f 441/474/441 405/472/405 408/477/408 442/478/442
f 453/474/453 406/476/406 409/479/409 454/478/454
f 405/472/405 426/470/426 408/477/408
f 440/470/440 410/477/410 413/480/413
f 442/478/442 408/477/408 411/480/411 443/481/443
f 454/478/454 409/479/409 412/482/412 455/481/455
f 408/477/408 426/470/426 411/480/411
f 440/470/440 413/480/413 416/483/416
f 443/481/443 411/480/411 414/483/414 444/484/444
f 455/481/455 412/482/412 415/485/415 456/484/456
f 411/480/411 426/470/426 414/483/414
f 414/483/414 426/470/426 417/486/417
f 440/470/440 416/483/416 419/486/419
f 444/484/444 414/483/414 417/486/417 445/487/445
f 456/484/456 415/485/415 418/488/418 457/487/457
f 457/487/457 418/488/418 421/489/421 458/490/458
f 417/486/417 426/470/426 420/491/420
f 440/470/440 419/486/419 422/491/422
f 445/487/445 417/486/417 420/491/420 446/490/446
f 458/490/458 421/489/421 424/492/424 459/493/459
f 420/491/420 426/470/426 423/494/423
f 440/470/440 422/491/422 425/494/425
f 446/490/446 420/491/420 423/494/423 447/493/447
f 459/493/459 424/492/424 428/495/428 460/496/460
f 423/494/423 426/470/426 427/497/427
f 440/470/440 425/494/425 429/497/429
f 447/493/447 423/494/423 427/497/427 448/496/448
f 460/496/460 428/495/428 431/498/431 461/499/461
f 427/497/427 426/470/426 430/500/430
f 440/470/440 429/497/429 432/500/432
f 448/496/448 427/497/427 430/500/430 449/499/449
f 461/499/461 431/498/431 434/501/434 462/502/462
f 430/500/430 426/470/426 433/503/433
f 440/470/440 432/500/432 435/503/435
f 449/499/449 430/500/430 433/503/433 450/502/450
f 450/502/450 433/503/433 436/504/436 451/505/451
f 462/502/462 434/501/434 437/506/437 463/505/463
f 433/503/433 426/470/426 436/504/436
f 440/470/440 435/503/435 438/504/438
f 440/470/440 438/504/438 404/471/404
f 451/505/451 436/504/436 403/471/403 452/473/452
f 463/505/463 437/506/437 439/475/439 464/473/464
f 436/504/436 426/470/426 403/471/403
f 437/506/437 451/505/451 452/473/452 439/475/439
f 434/501/434 450/502/450 451/505/451 437/506/437
f 431/498/431 449/499/449 450/502/450 434/501/434
f 428/507/428 448/496/448 449/499/449 431/498/431
f 424/508/424 447/493/447 448/496/448 428/507/428
f 421/509/421 446/490/446 447/493/447 424/508/424
f 418/510/418 445/487/445 446/490/446 421/509/421
f 415/511/415 444/484/444 445/487/445 418/510/418
f 412/512/412 443/481/443 444/484/444 415/511/415
f 409/513/409 442/478/442 443/481/443 412/512/412
f 406/514/406 441/474/441 442/478/442 409/513/409
f 439/475/439 452/473/452 441/474/441 406/514/406
f 438/504/438 463/505/463 464/473/464 404/471/404
f 435/503/435 462/502/462 463/505/463 438/504/438
f 432/500/432 461/499/461 462/502/462 435/503/435
f 429/497/429 460/496/460 461/499/461 432/500/432
f 425/494/425 459/493/459 460/496/460 429/497/429
f 422/491/422 458/490/458 459/493/459 425/494/425
f 419/486/419 457/487/457 458/490/458 422/491/422
f 416/483/416 456/484/456 457/487/457 419/486/419
f 413/480/413 455/481/455 456/484/456 416/483/416
f 410/477/410 454/478/454 455/481/455 413/480/413
f 407/472/407 453/474/453 454/478/454 410/477/410
f 404/471/404 464/473/464 453/474/453 407/472/407
f 465/515/465 512/516/512 593/517/593 515/518/515
f 465/515/465 515/518/515 597/519/597 518/520/518
f 465/515/465 518/520/518 599/521/599 509/522/509
f 465/515/465 509/522/509 595/523/595 512/516/512
f 466/524/466 517/525/517 598/526/598 516/527/516
f 466/524/466 516/527/516 594/528/594 513/529/513
f 466/524/466 513/529/513 596/530/596 510/531/510
f 466/524/466 510/531/510 600/532/600 517/525/517
f 467/533/467 510/531/510 596/530/596 508/534/508
f 467/533/467 508/534/508 595/523/595 509/522/509
f 467/533/467 509/522/509 599/521/599 519/535/519
f 467/533/467 519/535/519 600/532/600 510/531/510
f 468/536/468 525/537/525 596/530/596 513/529/513
f 468/536/468 513/529/513 594/528/594 524/538/524
f 468/536/468 524/538/524 602/539/602 523/540/523
f 468/536/468 523/540/523 604/541/604 525/537/525
f 469/542/469 516/543/516 598/526/598 514/544/514
f 469/542/469 514/544/514 597/519/597 515/518/515
f 469/542/469 515/518/515 593/517/593 511/545/511
f 469/542/469 511/545/511 594/546/594 516/543/516
f 470/547/470 517/525/517 600/532/600 519/535/519
f 470/547/470 519/535/519 599/521/599 518/520/518
f 470/547/470 518/520/518 597/519/597 514/544/514
f 470/547/470 514/544/514 598/526/598 517/525/517
f 471/548/471 533/549/533 601/550/601 522/551/522
f 471/548/471 522/551/522 603/552/603 532/553/532
f 471/548/471 532/553/532 607/554/607 530/555/530
f 471/548/471 530/555/530 605/556/605 533/549/533
f 472/557/472 524/558/524 594/546/594 511/545/511
f 472/557/472 511/545/511 593/517/593 526/559/526
f 472/557/472 526/559/526 601/550/601 521/560/521
f 472/557/472 521/560/521 602/561/602 524/558/524
f 473/562/473 526/559/526 593/517/593 512/516/512
f 473/562/473 512/516/512 595/523/595 527/563/527
f 473/562/473 527/563/527 603/552/603 522/551/522
f 473/562/473 522/551/522 601/550/601 526/559/526
f 474/564/474 527/563/527 595/523/595 508/534/508
f 474/564/474 508/534/508 596/530/596 525/537/525
f 474/564/474 525/537/525 604/541/604 520/565/520
f 474/564/474 520/565/520 603/552/603 527/563/527
f 475/566/475 541/567/541 608/568/608 531/569/531
f 475/566/475 531/569/531 606/570/606 540/571/540
f 475/566/475 540/571/540 610/572/610 539/573/539
f 475/566/475 539/573/539 612/574/612 541/567/541
f 476/575/476 532/553/532 603/552/603 520/565/520
f 476/575/476 520/565/520 604/541/604 534/576/534
f 476/575/476 534/576/534 608/568/608 528/577/528
f 476/575/476 528/577/528 607/554/607 532/553/532
f 477/578/477 534/576/534 604/541/604 523/540/523
f 477/578/477 523/540/523 602/539/602 535/579/535
f 477/578/477 535/579/535 606/570/606 531/569/531
f 477/578/477 531/569/531 608/568/608 534/576/534
f 478/580/478 535/581/535 602/561/602 521/560/521
f 478/580/478 521/560/521 601/550/601 533/549/533
f 478/580/478 533/549/533 605/556/605 529/582/529
f 478/580/478 529/582/529 606/583/606 535/581/535
f 479/584/479 549/585/549 610/586/610 537/587/537
f 479/584/479 537/587/537 609/588/609 548/589/548
f 479/584/479 548/589/548 613/590/613 545/591/545
f 479/584/479 545/591/545 614/592/614 549/585/549
f 480/593/480 540/594/540 606/583/606 529/582/529
f 480/593/480 529/582/529 605/556/605 542/595/542
f 480/593/480 542/595/542 609/588/609 537/587/537
f 480/593/480 537/587/537 610/586/610 540/594/540
f 481/596/481 542/595/542 605/556/605 530/555/530
f 481/596/481 530/555/530 607/554/607 543/597/543
f 481/596/481 543/597/543 611/598/611 538/599/538
f 481/596/481 538/599/538 609/588/609 542/595/542
f 482/600/482 543/597/543 607/554/607 528/577/528
f 482/600/482 528/577/528 608/568/608 541/567/541
f 482/600/482 541/567/541 612/574/612 536/601/536
f 482/600/482 536/601/536 611/598/611 543/597/543
f 483/602/483 557/603/557 613/590/613 546/604/546
f 483/602/483 546/604/546 615/605/615 556/606/556
f 483/602/483 556/606/556 619/607/619 554/608/554
f 483/602/483 554/608/554 617/609/617 557/603/557
f 484/610/484 548/589/548 609/588/609 538/599/538
f 484/610/484 538/599/538 611/598/611 550/611/550
f 484/610/484 550/611/550 615/605/615 546/604/546
f 484/610/484 546/604/546 613/590/613 548/589/548
f 485/612/485 550/611/550 611/598/611 536/601/536
f 485/612/485 536/601/536 612/574/612 551/613/551
f 485/612/485 551/613/551 616/614/616 544/615/544
f 485/612/485 544/615/544 615/605/615 550/611/550
f 486/616/486 551/613/551 612/574/612 539/573/539
f 486/616/486 539/573/539 610/572/610 549/617/549
f 486/616/486 549/617/549 614/618/614 547/619/547
f 486/616/486 547/619/547 616/614/616 551/613/551
f 487/620/487 565/621/565 620/622/620 555/623/555
f 487/620/487 555/623/555 618/624/618 564/625/564
f 487/620/487 564/625/564 622/626/622 563/627/563
f 487/620/487 563/627/563 624/628/624 565/621/565
f 488/629/488 556/606/556 615/605/615 544/615/544
f 488/629/488 544/615/544 616/614/616 558/630/558
f 488/629/488 558/630/558 620/622/620 552/631/552
f 488/629/488 552/631/552 619/607/619 556/606/556
f 489/632/489 558/630/558 616/614/616 547/619/547
f 489/632/489 547/619/547 614/618/614 559/633/559
f 489/632/489 559/633/559 618/624/618 555/623/555
f 489/632/489 555/623/555 620/622/620 558/630/558
f 490/634/490 559/635/559 614/592/614 545/591/545
f 490/634/490 545/591/545 613/590/613 557/603/557
f 490/634/490 557/603/557 617/609/617 553/636/553
f 490/634/490 553/636/553 618/637/618 559/635/559
f 491/638/491 581/639/581 627/640/627 570/641/570
f 491/638/491 570/641/570 625/642/625 580/643/580
f 491/638/491 580/643/580 631/644/631 577/645/577
f 491/638/491 577/645/577 632/646/632 581/639/581
f 492/647/492 564/648/564 618/637/618 553/636/553
f 492/647/492 553/636/553 617/609/617 566/649/566
f 492/647/492 566/649/566 621/650/621 561/651/561
f 492/647/492 561/651/561 622/652/622 564/648/564
f 493/653/493 566/649/566 617/609/617 554/608/554
f 493/653/493 554/608/554 619/607/619 567/654/567
f 493/653/493 567/654/567 623/655/623 562/656/562
f 493/653/493 562/656/562 621/650/621 566/649/566
f 494/657/494 567/654/567 619/607/619 552/631/552
f 494/657/494 552/631/552 620/622/620 565/621/565
f 494/657/494 565/621/565 624/628/624 560/658/560
f 494/657/494 560/658/560 623/655/623 567/654/567
f 495/659/495 571/660/571 626/661/626 569/662/569
f 495/659/495 569/662/569 625/642/625 570/641/570
f 495/659/495 570/641/570 627/640/627 568/663/568
f 495/659/495 568/663/568 628/664/628 571/660/571
f 496/665/496 572/666/572 623/655/623 560/658/560
f 496/665/496 560/658/560 624/628/624 574/667/574
f 496/665/496 574/667/574 628/664/628 568/663/568
f 496/665/496 568/663/568 627/640/627 572/666/572
f 497/668/497 574/667/574 624/628/624 563/627/563
f 497/668/497 563/627/563 622/626/622 575/669/575
f 497/668/497 575/669/575 626/661/626 571/660/571
f 497/668/497 571/660/571 628/664/628 574/667/574
f 498/670/498 575/671/575 622/652/622 561/651/561
f 498/670/498 561/651/561 621/650/621 573/672/573
f 498/670/498 573/672/573 625/642/625 569/662/569
f 498/670/498 569/662/569 626/661/626 575/671/575
f 499/673/499 589/674/589 631/644/631 579/675/579
f 499/673/499 579/675/579 629/676/629 588/677/588
f 499/673/499 588/677/588 633/678/633 587/679/587
f 499/673/499 587/679/587 635/680/635 589/674/589
f 500/681/500 583/682/583 621/650/621 562/656/562
f 500/681/500 562/656/562 623/655/623 582/683/582
f 500/681/500 582/683/582 630/684/630 576/685/576
f 500/681/500 576/685/576 629/676/629 583/682/583
f 501/686/501 580/643/580 625/642/625 573/672/573
f 501/686/501 573/672/573 621/650/621 583/682/583
f 501/686/501 583/682/583 629/676/629 579/675/579
f 501/686/501 579/675/579 631/644/631 580/643/580
f 502/687/502 582/683/582 623/655/623 572/666/572
f 502/687/502 572/666/572 627/640/627 581/639/581
f 502/687/502 581/639/581 632/646/632 578/688/578
f 502/687/502 578/688/578 630/684/630 582/683/582
f 503/689/503 587/679/587 633/678/633 584/690/584
f 503/689/503 584/690/584 634/691/634 586/689/586
f 503/689/503 586/689/586 636/692/636 585/693/585
f 503/689/503 585/693/585 635/680/635 587/679/587
f 504/694/504 590/695/590 632/646/632 577/645/577
f 504/694/504 577/645/577 631/644/631 589/674/589
f 504/694/504 589/674/589 635/680/635 585/693/585
f 504/694/504 585/693/585 636/692/636 590/695/590
f 505/696/505 591/697/591 630/684/630 578/688/578
f 505/696/505 578/688/578 632/646/632 590/695/590
f 505/696/505 590/695/590 636/692/636 586/689/586
f 505/696/505 586/689/586 634/691/634 591/697/591
f 506/698/506 588/677/588 629/676/629 576/685/576
f 506/698/506 576/685/576 630/684/630 591/697/591
f 506/698/506 591/697/591 634/691/634 584/690/584
f 506/698/506 584/690/584 633/678/633 588/677/588
f 507/699/507 516/700/516 594/701/594 524/702/524
f 507/699/507 524/702/524 602/703/602 535/704/535
f 507/699/507 535/704/535 606/705/606 540/706/540
f 507/699/507 540/706/540 610/707/610 549/708/549
f 507/699/507 549/708/549 614/709/614 559/710/559
f 507/699/507 559/710/559 618/711/618 564/712/564
f 507/699/507 564/712/564 622/713/622 575/714/575
f 507/699/507 575/714/575 626/715/626 592/716/592
f 507/699/507 592/716/592 598/717/598 516/700/516
f 23/29/23 22/28/22 638/718/638 639/719/639
f 30/30/30 23/29/23 639/719/639 646/720/646
f 27/36/27 28/35/28 644/721/644 643/722/643
f 26/25/26 27/36/27 643/722/643 642/723/642
f 688/34/688 24/31/24 640/724/640 1355/725/1355
f 21/27/21 686/32/686 1353/726/1353 637/727/637
f 28/35/28 29/33/29 645/728/645 644/721/644
f 25/26/25 26/25/26 642/723/642 641/729/641
f 22/28/22 21/27/21 637/727/637 638/718/638
f 29/33/29 30/30/30 646/720/646 645/728/645
f 24/31/24 25/26/25 641/729/641 640/724/640
f 643/730/643 644/731/644 1372/732/1372 1371/733/1371
f 642/734/642 643/730/643 1371/733/1371 1370/735/1370
f 1355/736/1355 640/737/640 1368/738/1368 1367/739/1367
f 637/740/637 1353/741/1353 1365/742/1365 1363/743/1363
f 644/731/644 645/744/645 1373/745/1373 1372/732/1372
f 641/746/641 642/734/642 1370/735/1370 1369/747/1369
f 638/748/638 637/740/637 1363/743/1363 1364/749/1364
f 645/744/645 646/750/646 1374/751/1374 1373/745/1373
f 640/737/640 641/746/641 1369/747/1369 1368/738/1368
f 639/752/639 638/748/638 1364/749/1364 1366/753/1366
f 646/750/646 639/752/639 1366/753/1366 1374/751/1374
f 654/754/654 649/755/649 653/756/653 655/757/655
f 657/758/657 648/759/648 650/760/650 658/761/658
f 655/757/655 653/756/653 656/762/656
f 658/761/658 650/760/650 652/763/652 659/764/659
f 650/760/650 655/757/655 656/762/656 652/763/652
f 648/759/648 654/754/654 655/757/655 650/760/650
f 651/765/651 658/761/658 659/764/659
f 647/766/647 657/758/657 658/761/658 651/765/651
f 664/1/664 665/4/665 663/3/663 661/2/661
f 663/3/663 660/6/660 662/5/662 661/2/661
f 660/6/660 666/8/666 667/7/667 662/5/662
f 675/9/675 672/12/672 673/11/673 674/10/674
f 672/12/672 671/14/671 670/13/670 673/11/673
f 676/15/676 675/9/675 674/10/674 677/16/677
f 679/17/679 676/15/676 677/16/677 678/18/678
f 680/19/680 679/17/679 678/18/678 681/20/681
f 683/21/683 680/19/680 681/20/681 682/22/682
f 666/8/666 683/21/683 682/22/682 667/7/667
f 671/14/671 668/24/668 669/23/669 670/13/670
f 673/11/673 690/26/690 691/25/691 674/10/674
f 662/5/662 685/28/685 684/27/684 661/2/661
f 682/22/682 695/30/695 687/29/687 667/7/667
f 670/13/670 689/31/689 690/26/690 673/11/673
f 661/2/661 684/27/684 686/32/686 664/1/664
f 667/7/667 687/29/687 685/28/685 662/5/662
f 681/20/681 694/33/694 695/30/695 682/22/682
f 669/23/669 688/34/688 689/31/689 670/13/670
f 678/18/678 693/35/693 694/33/694 681/20/681
f 677/16/677 692/36/692 693/35/693 678/18/678
f 674/10/674 691/25/691 692/36/692 677/16/677
f 663/3/663 697/38/697 696/37/696 660/6/660
f 676/15/676 704/40/704 703/39/703 675/9/675
f 675/9/675 703/39/703 702/767/702 672/12/672
f 665/4/665 698/42/698 697/38/697 663/3/663
f 666/8/666 699/44/699 707/43/707 683/21/683
f 672/12/672 702/767/702 701/768/701 671/14/671
f 660/6/660 696/37/696 699/44/699 666/8/666
f 683/21/683 707/43/707 706/46/706 680/19/680
f 671/14/671 701/768/701 700/47/700 668/24/668
f 680/19/680 706/46/706 705/48/705 679/17/679
f 679/17/679 705/48/705 704/40/704 676/15/676
f 703/39/703 715/50/715 714/769/714 702/767/702
f 698/42/698 710/52/710 709/51/709 697/38/697
f 699/44/699 711/54/711 719/53/719 707/43/707
f 705/48/705 717/56/717 716/55/716 704/40/704
f 696/37/696 708/57/708 711/54/711 699/44/699
f 704/40/704 716/55/716 715/50/715 703/39/703
f 706/46/706 718/58/718 717/56/717 705/48/705
f 702/767/702 714/769/714 713/770/713 701/768/701
f 701/768/701 713/770/713 712/60/712 700/47/700
f 697/38/697 709/51/709 708/57/708 696/37/696
f 707/43/707 719/53/719 718/58/718 706/46/706
f 717/56/717 729/62/729 728/61/728 716/55/716
f 708/57/708 720/64/720 723/63/723 711/54/711
f 716/55/716 728/61/728 727/65/727 715/50/715
f 718/58/718 730/66/730 729/62/729 717/56/717
f 714/769/714 726/771/726 725/772/725 713/770/713
f 713/770/713 725/772/725 724/69/724 712/60/712
f 709/51/709 721/70/721 720/64/720 708/57/708
f 719/53/719 731/71/731 730/66/730 718/58/718
f 715/50/715 727/65/727 726/771/726 714/769/714
f 710/52/710 722/72/722 721/70/721 709/51/709
f 711/54/711 723/63/723 731/71/731 719/53/719
f 722/72/722 734/74/734 733/73/733 721/70/721
f 721/70/721 733/73/733 732/75/732 720/64/720
f 734/74/734 737/77/737 736/76/736 733/73/733
f 733/73/733 736/76/736 735/78/735 732/75/732
f 737/77/737 740/80/740 739/79/739 736/76/736
f 736/76/736 739/79/739 738/81/738 735/78/735
f 740/80/740 743/83/743 742/82/742 739/79/739
f 739/79/739 742/82/742 741/84/741 738/81/738
f 743/83/743 746/86/746 745/85/745 742/82/742
f 742/82/742 745/85/745 744/87/744 741/84/741
f 746/86/746 749/89/749 748/88/748 745/85/745
f 745/85/745 748/88/748 747/90/747 744/87/744
f 747/90/747 752/92/752 751/91/751 744/87/744
f 744/87/744 751/91/751 750/93/750 741/84/741
f 750/93/750 754/95/754 753/94/753 741/84/741
f 754/95/754 756/97/756 755/96/755 753/94/753
f 756/97/756 758/99/758 757/98/757 755/96/755
f 758/99/758 760/101/760 759/100/759 757/98/757
f 760/101/760 762/103/762 761/102/761 759/100/759
f 762/103/762 764/105/764 763/104/763 761/102/761
f 764/105/764 766/107/766 765/106/765 763/104/763
f 766/107/766 768/109/768 767/108/767 765/106/765
f 768/109/768 770/111/770 769/110/769 767/108/767
f 752/92/752 747/90/747 769/110/769 770/111/770
f 749/89/749 773/113/773 772/112/772 748/88/748
f 748/88/748 772/112/772 769/110/769 747/90/747
f 750/93/750 771/115/771 776/114/776 754/95/754
f 768/109/768 783/117/783 784/116/784 770/111/770
f 766/107/766 782/118/782 783/117/783 768/109/768
f 752/92/752 775/120/775 774/119/774 751/91/751
f 764/105/764 781/121/781 782/118/782 766/107/766
f 770/111/770 784/116/784 775/120/775 752/92/752
f 762/103/762 780/122/780 781/121/781 764/105/764
f 760/101/760 779/123/779 780/122/780 762/103/762
f 758/99/758 778/124/778 779/123/779 760/101/760
f 756/97/756 777/125/777 778/124/778 758/99/758
f 754/95/754 776/114/776 777/125/777 756/97/756
f 751/91/751 774/119/774 771/115/771 750/93/750
f 735/78/735 786/127/786 785/126/785 732/75/732
f 738/81/738 787/128/787 786/127/786 735/78/735
f 741/84/741 753/94/753 787/128/787 738/81/738
f 732/75/732 785/126/785 723/63/723 720/64/720
f 753/94/753 755/96/755 790/129/790 787/128/787
f 786/127/786 789/131/789 788/130/788 785/126/785
f 787/128/787 790/129/790 789/131/789 786/127/786
f 785/126/785 788/130/788 731/71/731 723/63/723
f 725/772/725 792/773/792 791/132/791 724/69/724
f 730/66/730 797/135/797 796/134/796 729/62/729
f 727/65/727 794/137/794 793/774/793 726/771/726
f 728/61/728 795/138/795 794/137/794 727/65/727
f 731/71/731 788/130/788 797/135/797 730/66/730
f 729/62/729 796/134/796 795/138/795 728/61/728
f 726/771/726 793/774/793 792/773/792 725/772/725
f 796/134/796 803/140/803 802/139/802 795/138/795
f 793/774/793 800/142/800 799/775/799 792/773/792
f 795/138/795 802/139/802 801/143/801 794/137/794
f 797/135/797 804/144/804 803/140/803 796/134/796
f 794/137/794 801/143/801 800/142/800 793/774/793
f 792/773/792 799/775/799 798/145/798 791/132/791
f 788/130/788 789/131/789 804/144/804 797/135/797
f 804/144/804 807/147/807 808/146/808 803/140/803
f 802/139/802 809/149/809 810/148/810 801/143/801
f 789/131/789 790/129/790 807/147/807 804/144/804
f 808/146/808 805/151/805 811/150/811 809/149/809
f 790/129/790 755/96/755 806/152/806 807/147/807
f 803/140/803 808/146/808 809/149/809 802/139/802
f 807/147/807 806/152/806 805/151/805 808/146/808
f 809/149/809 811/150/811 812/153/812 810/148/810
f 806/152/806 814/155/814 813/154/813 805/151/805
f 805/151/805 813/154/813 815/156/815 811/150/811
f 811/150/811 815/156/815 816/157/816 812/153/812
f 755/96/755 757/98/757 814/155/814 806/152/806
f 815/156/815 819/159/819 820/158/820 816/157/816
f 757/98/757 759/100/759 818/160/818 814/155/814
f 813/154/813 817/161/817 819/159/819 815/156/815
f 814/155/814 818/160/818 817/161/817 813/154/813
f 810/148/810 825/163/825 824/162/824 801/143/801
f 820/158/820 828/165/828 827/164/827 816/157/816
f 812/153/812 826/166/826 825/163/825 810/148/810
f 816/157/816 827/164/827 826/166/826 812/153/812
f 800/142/800 823/168/823 822/776/822 799/775/799
f 799/775/799 822/776/822 821/169/821 798/145/798
f 801/143/801 824/162/824 823/168/823 800/142/800
f 828/165/828 836/171/836 835/170/835 827/164/827
f 826/166/826 834/173/834 833/172/833 825/163/825
f 822/776/822 830/175/830 829/174/829 821/169/821
f 824/162/824 832/177/832 831/176/831 823/168/823
f 827/164/827 835/170/835 834/173/834 826/166/826
f 825/163/825 833/172/833 832/177/832 824/162/824
f 823/168/823 831/176/831 830/175/830 822/776/822
f 834/173/834 842/179/842 841/178/841 833/172/833
f 830/175/830 838/181/838 837/180/837 829/174/829
f 832/177/832 840/183/840 839/182/839 831/176/831
f 835/170/835 843/184/843 842/179/842 834/173/834
f 833/172/833 841/178/841 840/183/840 832/177/832
f 831/176/831 839/182/839 838/181/838 830/175/830
f 836/171/836 844/185/844 843/184/843 835/170/835
f 769/110/769 847/187/847 846/186/846 767/108/767
f 772/112/772 848/188/848 847/187/847 769/110/769
f 773/113/773 849/189/849 848/188/848 772/112/772
f 767/108/767 846/186/846 845/190/845 765/106/765
f 848/188/848 853/192/853 852/191/852 847/187/847
f 847/187/847 852/191/852 851/193/851 846/186/846
f 849/189/849 854/194/854 853/192/853 848/188/848
f 846/186/846 851/193/851 850/195/850 845/190/845
f 853/192/853 858/197/858 857/196/857 852/191/852
f 852/191/852 857/196/857 856/198/856 851/193/851
f 854/194/854 859/199/859 858/197/858 853/192/853
f 851/193/851 856/198/856 855/200/855 850/195/850
f 856/198/856 861/202/861 860/201/860 855/200/855
f 858/197/858 863/204/863 862/203/862 857/196/857
f 857/196/857 862/203/862 861/202/861 856/198/856
f 859/199/859 864/205/864 863/204/863 858/197/858
f 765/106/765 868/207/868 867/206/867 763/104/763
f 817/161/817 869/209/869 871/208/871 819/159/819
f 763/104/763 867/206/867 866/210/866 761/102/761
f 819/159/819 871/208/871 872/211/872 820/158/820
f 850/195/850 874/213/874 873/212/873 845/190/845
f 761/102/761 866/210/866 865/214/865 759/100/759
f 860/201/860 876/216/876 875/215/875 855/200/855
f 845/190/845 873/212/873 868/207/868 765/106/765
f 818/160/818 870/217/870 869/209/869 817/161/817
f 759/100/759 865/214/865 870/217/870 818/160/818
f 855/200/855 875/215/875 874/213/874 850/195/850
f 864/218/864 881/221/881 880/220/880 863/219/863
f 861/222/861 878/223/878 876/216/876 860/201/860
f 863/219/863 880/220/880 879/225/879 862/224/862
f 862/224/862 879/225/879 878/223/878 861/222/861
f 820/158/820 872/211/872 882/226/882 828/165/828
f 875/215/875 891/228/891 890/227/890 874/213/874
f 879/225/879 894/230/894 893/229/893 878/223/878
f 868/207/868 885/232/885 884/231/884 867/206/867
f 878/223/878 893/229/893 892/233/892 876/216/876
f 876/216/876 892/233/892 891/228/891 875/215/875
f 881/221/881 896/235/896 895/234/895 880/220/880
f 869/209/869 886/237/886 888/236/888 871/208/871
f 880/220/880 895/234/895 894/230/894 879/225/879
f 870/217/870 887/238/887 886/237/886 869/209/869
f 871/208/871 888/236/888 882/226/882 872/211/872
f 865/214/865 877/239/877 887/238/887 870/217/870
f 873/212/873 889/240/889 885/232/885 868/207/868
f 866/210/866 883/241/883 877/239/877 865/214/865
f 874/213/874 890/227/890 889/240/889 873/212/873
f 867/206/867 884/231/884 883/241/883 866/210/866
f 893/229/893 909/243/909 908/242/908 892/233/892
f 889/240/889 905/245/905 901/244/901 885/232/885
f 888/236/888 904/247/904 898/246/898 882/226/882
f 890/227/890 906/248/906 905/245/905 889/240/889
f 883/241/883 899/250/899 897/249/897 877/239/877
f 891/228/891 907/251/907 906/248/906 890/227/890
f 892/233/892 908/242/908 907/251/907 891/228/891
f 885/232/885 901/244/901 900/252/900 884/231/884
f 894/230/894 910/253/910 909/243/909 893/229/893
f 886/237/886 902/254/902 904/247/904 888/236/888
f 884/231/884 900/252/900 899/250/899 883/241/883
f 896/235/896 912/256/912 911/255/911 895/234/895
f 887/238/887 903/257/903 902/254/902 886/237/886
f 895/234/895 911/255/911 910/253/910 894/230/894
f 877/239/877 897/249/897 903/257/903 887/238/887
f 897/249/897 913/259/913 919/258/919 903/257/903
f 909/243/909 925/261/925 924/260/924 908/242/908
f 905/245/905 921/263/921 917/262/917 901/244/901
f 904/247/904 920/265/920 914/264/914 898/246/898
f 906/248/906 922/266/922 921/263/921 905/245/905
f 900/252/900 916/268/916 915/267/915 899/250/899
f 907/251/907 923/269/923 922/266/922 906/248/906
f 899/250/899 915/267/915 913/259/913 897/249/897
f 908/242/908 924/260/924 923/269/923 907/251/907
f 901/244/901 917/262/917 916/268/916 900/252/900
f 910/253/910 926/270/926 925/261/925 909/243/909
f 902/254/902 918/271/918 920/265/920 904/247/904
f 912/256/912 928/273/928 927/272/927 911/255/911
f 903/257/903 919/258/919 918/271/918 902/254/902
f 911/255/911 927/272/927 926/270/926 910/253/910
f 928/273/928 944/275/944 943/274/943 927/272/927
f 919/258/919 935/277/935 934/276/934 918/271/918
f 927/272/927 943/274/943 942/278/942 926/270/926
f 913/259/913 929/279/929 935/277/935 919/258/919
f 925/261/925 941/281/941 940/280/940 924/260/924
f 921/263/921 937/283/937 933/282/933 917/262/917
f 920/265/920 936/285/936 930/284/930 914/264/914
f 922/266/922 938/286/938 937/283/937 921/263/921
f 916/268/916 932/288/932 931/287/931 915/267/915
f 923/269/923 939/289/939 938/286/938 922/266/922
f 915/267/915 931/287/931 929/279/929 913/259/913
f 924/260/924 940/280/940 939/289/939 923/269/923
f 917/262/917 933/282/933 932/288/932 916/268/916
f 926/270/926 942/278/942 941/281/941 925/261/925
f 918/271/918 934/276/934 936/285/936 920/265/920
f 933/282/933 949/291/949 948/290/948 932/288/932
f 942/278/942 958/293/958 957/292/957 941/281/941
f 934/276/934 950/295/950 952/294/952 936/285/936
f 944/275/944 960/297/960 959/296/959 943/274/943
f 935/277/935 951/298/951 950/295/950 934/276/934
f 943/274/943 959/296/959 958/293/958 942/278/942
f 929/279/929 945/299/945 951/298/951 935/277/935
f 941/281/941 957/292/957 956/300/956 940/280/940
f 937/283/937 953/301/953 949/291/949 933/282/933
f 936/285/936 952/294/952 946/302/946 930/284/930
f 938/286/938 954/303/954 953/301/953 937/283/937
f 932/288/932 948/290/948 947/304/947 931/287/931
f 939/289/939 955/305/955 954/303/954 938/286/938
f 931/287/931 947/304/947 945/299/945 929/279/929
f 940/280/940 956/300/956 955/305/955 939/289/939
f 836/171/836 828/165/828 882/226/882 898/246/898
f 955/305/955 971/307/971 970/306/970 954/303/954
f 947/304/947 963/309/963 961/308/961 945/299/945
f 956/300/956 972/310/972 971/307/971 955/305/955
f 949/291/949 965/312/965 964/311/964 948/290/948
f 958/293/958 974/314/974 973/313/973 957/292/957
f 950/295/950 966/316/966 968/315/968 952/294/952
f 960/297/960 976/318/976 975/317/975 959/296/959
f 951/298/951 967/319/967 966/316/966 950/295/950
f 959/296/959 975/317/975 974/314/974 958/293/958
f 945/299/945 961/308/961 967/319/967 951/298/951
f 957/292/957 973/313/973 972/310/972 956/300/956
f 953/301/953 969/320/969 965/312/965 949/291/949
f 952/294/952 968/315/968 962/321/962 946/302/946
f 954/303/954 970/306/970 969/320/969 953/301/953
f 948/290/948 964/311/964 963/309/963 947/304/947
f 973/313/973 989/323/989 988/322/988 972/310/972
f 969/320/969 985/325/985 981/324/981 965/312/965
f 968/315/968 984/327/984 978/326/978 962/321/962
f 970/306/970 986/328/986 985/325/985 969/320/969
f 964/311/964 980/330/980 979/329/979 963/309/963
f 971/307/971 987/331/987 986/328/986 970/306/970
f 963/309/963 979/329/979 977/332/977 961/308/961
f 972/310/972 988/322/988 987/331/987 971/307/971
f 965/312/965 981/324/981 980/330/980 964/311/964
f 974/314/974 990/333/990 989/323/989 973/313/973
f 966/316/966 982/334/982 984/327/984 968/315/968
f 976/318/976 992/336/992 991/335/991 975/317/975
f 967/319/967 983/337/983 982/334/982 966/316/966
f 975/317/975 991/335/991 990/333/990 974/314/974
f 961/308/961 977/332/977 983/337/983 967/319/967
f 898/246/898 993/338/993 844/185/844 836/171/836
f 982/334/982 999/340/999 1001/339/1001 984/327/984
f 980/330/980 997/342/997 996/341/996 979/329/979
f 986/328/986 1003/344/1003 1002/343/1002 985/325/985
f 984/327/984 1001/339/1001 995/345/995 978/326/978
f 983/337/983 1000/346/1000 999/340/999 982/334/982
f 979/329/979 996/341/996 994/347/994 977/332/977
f 987/331/987 1004/348/1004 1003/344/1003 986/328/986
f 977/332/977 994/347/994 1000/346/1000 983/337/983
f 981/324/981 998/349/998 997/342/997 980/330/980
f 988/322/988 989/323/989 1004/348/1004 987/331/987
f 985/325/985 1002/343/1002 998/349/998 981/324/981
f 991/335/991 1006/351/1006 1005/350/1005 990/333/990
f 992/336/992 1007/352/1007 1006/351/1006 991/335/991
f 990/333/990 1005/350/1005 1004/348/1004 989/323/989
f 1005/350/1005 1008/353/1008 1003/344/1003 1004/348/1004
f 1006/351/1006 1009/354/1009 1008/353/1008 1005/350/1005
f 1007/352/1007 1010/355/1010 1009/354/1009 1006/351/1006
f 1008/353/1008 1011/356/1011 1002/343/1002 1003/344/1003
f 1010/355/1010 1013/358/1013 1012/357/1012 1009/354/1009
f 1009/354/1009 1012/357/1012 1011/356/1011 1008/353/1008
f 1013/358/1013 1014/360/1014 1015/359/1015 1012/357/1012
f 1012/357/1012 1015/359/1015 1016/361/1016 1011/356/1011
f 1011/356/1011 1016/361/1016 998/349/998 1002/343/1002
f 1016/361/1016 1019/362/1019 997/342/997 998/349/998
f 1014/360/1014 1017/364/1017 1018/363/1018 1015/359/1015
f 1015/359/1015 1018/363/1018 1019/362/1019 1016/361/1016
f 1019/362/1019 1022/365/1022 996/341/996 997/342/997
f 1017/364/1017 1020/367/1020 1021/366/1021 1018/363/1018
f 1018/363/1018 1021/366/1021 1022/365/1022 1019/362/1019
f 1022/365/1022 1025/368/1025 994/347/994 996/341/996
f 1020/367/1020 1023/370/1023 1024/369/1024 1021/366/1021
f 1021/366/1021 1024/369/1024 1025/368/1025 1022/365/1022
f 1025/368/1025 1028/371/1028 1000/346/1000 994/347/994
f 1023/370/1023 1026/373/1026 1027/372/1027 1024/369/1024
f 1024/369/1024 1027/372/1027 1028/371/1028 1025/368/1025
f 1028/371/1028 1031/374/1031 999/340/999 1000/346/1000
f 1026/373/1026 1029/376/1029 1030/375/1030 1027/372/1027
f 1027/372/1027 1030/375/1030 1031/374/1031 1028/371/1028
f 1031/374/1031 1034/377/1034 1001/339/1001 999/340/999
f 1029/376/1029 1032/379/1032 1033/378/1033 1030/375/1030
f 1030/375/1030 1033/378/1033 1034/377/1034 1031/374/1031
f 1034/377/1034 1037/380/1037 995/345/995 1001/339/1001
f 1032/379/1032 1035/382/1035 1036/381/1036 1033/378/1033
f 1033/378/1033 1036/381/1036 1037/380/1037 1034/377/1034
f 962/321/962 1041/384/1041 1040/383/1040 946/302/946
f 930/284/930 1039/386/1039 1038/385/1038 914/264/914
f 946/302/946 1040/383/1040 1039/386/1039 930/284/930
f 914/264/914 1038/385/1038 993/338/993 898/246/898
f 995/345/995 1043/388/1043 1042/387/1042 978/326/978
f 1035/382/1035 1044/390/1044 1045/389/1045 1036/381/1036
f 978/326/978 1042/387/1042 1041/384/1041 962/321/962
f 1037/380/1037 1046/391/1046 1043/388/1043 995/345/995
f 1036/381/1036 1045/389/1045 1046/391/1046 1037/380/1037
f 1040/383/1040 1058/393/1058 1057/392/1057 1039/386/1039
f 840/183/840 1050/395/1050 1049/394/1049 839/182/839
f 1045/389/1045 1063/397/1063 1064/396/1064 1046/391/1046
f 1041/384/1041 1059/398/1059 1058/393/1058 1040/383/1040
f 1042/387/1042 1060/399/1060 1059/398/1059 1041/384/1041
f 839/182/839 1049/394/1049 1048/400/1048 838/181/838
f 1044/390/1044 1062/401/1062 1063/397/1063 1045/389/1045
f 838/181/838 1048/400/1048 1047/402/1047 837/180/837
f 1046/391/1046 1064/396/1064 1061/403/1061 1043/388/1043
f 841/178/841 1051/404/1051 1050/395/1050 840/183/840
f 842/179/842 1052/405/1052 1051/404/1051 841/178/841
f 843/184/843 1053/406/1053 1052/405/1052 842/179/842
f 1038/385/1038 1056/408/1056 1055/407/1055 993/338/993
f 993/338/993 1055/407/1055 1054/409/1054 844/185/844
f 844/185/844 1054/409/1054 1053/406/1053 843/184/843
f 1039/386/1039 1057/392/1057 1056/408/1056 1038/385/1038
f 1043/388/1043 1061/403/1061 1060/399/1060 1042/387/1042
f 1053/406/1053 1071/411/1071 1070/410/1070 1052/405/1052
f 1063/397/1063 1081/413/1081 1082/412/1082 1064/396/1064
f 1054/409/1054 1072/414/1072 1071/411/1071 1053/406/1053
f 1062/401/1062 1080/413/1080 1081/413/1081 1063/397/1063
f 1055/407/1055 1073/415/1073 1072/414/1072 1054/409/1054
f 1050/395/1050 1068/417/1068 1067/416/1067 1049/394/1049
f 1064/396/1064 1082/412/1082 1079/418/1079 1061/403/1061
f 1057/392/1057 1075/420/1075 1074/419/1074 1056/408/1056
f 1049/394/1049 1067/416/1067 1066/421/1066 1048/400/1048
f 1060/399/1060 1078/423/1078 1077/422/1077 1059/398/1059
f 1058/393/1058 1076/424/1076 1075/420/1075 1057/392/1057
f 1048/400/1048 1066/421/1066 1065/425/1065 1047/402/1047
f 1059/398/1059 1077/422/1077 1076/424/1076 1058/393/1058
f 1051/404/1051 1069/426/1069 1068/417/1068 1050/395/1050
f 1056/408/1056 1074/419/1074 1073/415/1073 1055/407/1055
f 1052/405/1052 1070/410/1070 1069/426/1069 1051/404/1051
f 1061/403/1061 1079/418/1079 1078/423/1078 1060/399/1060
f 1073/415/1073 1091/428/1091 1090/427/1090 1072/414/1072
f 1068/417/1068 1086/430/1086 1085/429/1085 1067/416/1067
f 1082/412/1082 1100/432/1100 1097/431/1097 1079/418/1079
f 1075/420/1075 1093/434/1093 1092/433/1092 1074/419/1074
f 1067/416/1067 1085/429/1085 1084/435/1084 1066/421/1066
f 1078/423/1078 1096/437/1096 1095/436/1095 1077/422/1077
f 1076/424/1076 1094/438/1094 1093/434/1093 1075/420/1075
f 1066/421/1066 1084/435/1084 1083/439/1083 1065/425/1065
f 1077/422/1077 1095/436/1095 1094/438/1094 1076/424/1076
f 1069/426/1069 1087/440/1087 1086/430/1086 1068/417/1068
f 1074/419/1074 1092/433/1092 1091/428/1091 1073/415/1073
f 1070/410/1070 1088/441/1088 1087/440/1087 1069/426/1069
f 1079/418/1079 1097/431/1097 1096/437/1096 1078/423/1078
f 1071/411/1071 1089/442/1089 1088/441/1088 1070/410/1070
f 1081/413/1081 1099/443/1099 1100/432/1100 1082/412/1082
f 1072/414/1072 1090/427/1090 1089/442/1089 1071/411/1071
f 1080/413/1080 1098/777/1098 1099/443/1099 1081/413/1081
f 1085/429/1085 1086/430/1086 1087/440/1087 1088/441/1088 1089/442/1089 1090/427/1090 1091/428/1091 1092/433/1092 1093/434/1093 1094/438/1094 1095/436/1095 1096/437/1096 1097/431/1097 1100/432/1100 1099/443/1099 1098/777/1098 1083/439/1083 1084/435/1084
f 1109/445/1109 1105/448/1105 1106/447/1106 1108/446/1108
f 1111/449/1111 775/452/775 1101/451/1101 1110/450/1110
f 1113/453/1113 1103/456/1103 1104/455/1104 1112/454/1112
f 1108/446/1108 1106/447/1106 1107/458/1107 1114/457/1114
f 1112/454/1112 1104/455/1104 1105/448/1105 1109/445/1109
f 1115/459/1115 1102/460/1102 1103/456/1103 1113/453/1113
f 1114/457/1114 1107/458/1107 775/452/775 1111/449/1111
f 784/461/784 1114/457/1114 1111/449/1111 775/462/775
f 779/463/779 1115/459/1115 1113/453/1113 780/464/780
f 781/465/781 1112/454/1112 1109/445/1109 782/466/782
f 783/467/783 1108/446/1108 1114/457/1114 784/461/784
f 780/464/780 1113/453/1113 1112/454/1112 781/465/781
f 775/462/775 1111/449/1111 1110/450/1110 774/468/774
f 782/466/782 1109/445/1109 1108/446/1108 783/467/783
f 1116/469/1116 782/118/782 783/117/783
f 1116/469/1116 781/121/781 782/118/782
f 1116/469/1116 780/122/780 781/121/781
f 1116/469/1116 779/123/779 780/122/780
f 1116/469/1116 778/124/778 779/123/779
f 1116/469/1116 777/125/777 778/124/778
f 1116/469/1116 776/114/776 777/125/777
f 1116/469/1116 771/115/771 776/114/776
f 1116/469/1116 774/119/774 771/115/771
f 1116/469/1116 775/120/775 774/119/774
f 1116/469/1116 784/116/784 775/120/775
f 1116/469/1116 783/117/783 784/116/784
f 1154/470/1154 1121/472/1121 1118/471/1118
f 1166/473/1166 1155/474/1155 1119/472/1119 1117/471/1117
f 1178/473/1178 1167/474/1167 1120/476/1120 1153/475/1153
f 1117/471/1117 1119/472/1119 1140/470/1140
f 1154/470/1154 1124/477/1124 1121/472/1121
f 1155/474/1155 1156/478/1156 1122/477/1122 1119/472/1119
f 1167/474/1167 1168/478/1168 1123/479/1123 1120/476/1120
f 1119/472/1119 1122/477/1122 1140/470/1140
f 1154/470/1154 1127/480/1127 1124/477/1124
f 1156/478/1156 1157/481/1157 1125/480/1125 1122/477/1122
f 1168/478/1168 1169/481/1169 1126/482/1126 1123/479/1123
f 1122/477/1122 1125/480/1125 1140/470/1140
f 1154/470/1154 1130/483/1130 1127/480/1127
f 1157/481/1157 1158/484/1158 1128/483/1128 1125/480/1125
f 1169/481/1169 1170/484/1170 1129/485/1129 1126/482/1126
f 1125/480/1125 1128/483/1128 1140/470/1140
f 1128/483/1128 1131/486/1131 1140/470/1140
f 1154/470/1154 1133/486/1133 1130/483/1130
f 1158/484/1158 1159/487/1159 1131/486/1131 1128/483/1128
f 1170/484/1170 1171/487/1171 1132/488/1132 1129/485/1129
f 1171/487/1171 1172/490/1172 1135/489/1135 1132/488/1132
f 1131/486/1131 1134/491/1134 1140/470/1140
f 1154/470/1154 1136/491/1136 1133/486/1133
f 1159/487/1159 1160/490/1160 1134/491/1134 1131/486/1131
f 1172/490/1172 1173/493/1173 1138/508/1138 1135/489/1135
f 1134/491/1134 1137/494/1137 1140/470/1140
f 1154/470/1154 1139/494/1139 1136/491/1136
f 1160/490/1160 1161/493/1161 1137/494/1137 1134/491/1134
f 1173/493/1173 1174/496/1174 1142/495/1142 1138/508/1138
f 1137/494/1137 1141/497/1141 1140/470/1140
f 1154/470/1154 1143/497/1143 1139/494/1139
f 1161/493/1161 1162/496/1162 1141/497/1141 1137/494/1137
f 1174/496/1174 1175/499/1175 1145/498/1145 1142/495/1142
f 1141/497/1141 1144/500/1144 1140/470/1140
f 1154/470/1154 1146/500/1146 1143/497/1143
f 1162/496/1162 1163/499/1163 1144/500/1144 1141/497/1141
f 1175/499/1175 1176/502/1176 1148/501/1148 1145/498/1145
f 1144/500/1144 1147/503/1147 1140/470/1140
f 1154/470/1154 1149/503/1149 1146/500/1146
f 1163/499/1163 1164/502/1164 1147/503/1147 1144/500/1144
f 1164/502/1164 1165/505/1165 1150/504/1150 1147/503/1147
f 1176/502/1176 1177/505/1177 1151/506/1151 1148/501/1148
f 1147/503/1147 1150/504/1150 1140/470/1140
f 1154/470/1154 1152/504/1152 1149/503/1149
f 1154/470/1154 1118/471/1118 1152/504/1152
f 1165/505/1165 1166/473/1166 1117/471/1117 1150/504/1150
f 1177/505/1177 1178/473/1178 1153/475/1153 1151/506/1151
f 1150/504/1150 1117/471/1117 1140/470/1140
f 1151/506/1151 1153/475/1153 1166/473/1166 1165/505/1165
f 1148/501/1148 1151/506/1151 1165/505/1165 1164/502/1164
f 1145/498/1145 1148/501/1148 1164/502/1164 1163/499/1163
f 1142/507/1142 1145/498/1145 1163/499/1163 1162/496/1162
f 1138/508/1138 1142/507/1142 1162/496/1162 1161/493/1161
f 1135/509/1135 1138/508/1138 1161/493/1161 1160/490/1160
f 1132/510/1132 1135/509/1135 1160/490/1160 1159/487/1159
f 1129/511/1129 1132/510/1132 1159/487/1159 1158/484/1158
f 1126/512/1126 1129/511/1129 1158/484/1158 1157/481/1157
f 1123/513/1123 1126/512/1126 1157/481/1157 1156/478/1156
f 1120/514/1120 1123/513/1123 1156/478/1156 1155/474/1155
f 1153/475/1153 1120/514/1120 1155/474/1155 1166/473/1166
f 1152/504/1152 1118/471/1118 1178/473/1178 1177/505/1177
f 1149/503/1149 1152/504/1152 1177/505/1177 1176/502/1176
f 1146/500/1146 1149/503/1149 1176/502/1176 1175/499/1175
f 1143/497/1143 1146/500/1146 1175/499/1175 1174/496/1174
f 1139/494/1139 1143/497/1143 1174/496/1174 1173/493/1173
f 1136/491/1136 1139/494/1139 1173/493/1173 1172/490/1172
f 1133/486/1133 1136/491/1136 1172/490/1172 1171/487/1171
f 1130/483/1130 1133/486/1133 1171/487/1171 1170/484/1170
f 1127/480/1127 1130/483/1130 1170/484/1170 1169/481/1169
f 1124/477/1124 1127/480/1127 1169/481/1169 1168/478/1168
f 1121/472/1121 1124/477/1124 1168/478/1168 1167/474/1167
f 1118/471/1118 1121/472/1121 1167/474/1167 1178/473/1178
f 1179/778/1179 1229/779/1229 1307/780/1307 1226/781/1226
f 1179/778/1179 1232/782/1232 1311/783/1311 1229/779/1229
f 1179/778/1179 1223/784/1223 1313/785/1313 1232/782/1232
f 1179/778/1179 1226/781/1226 1309/786/1309 1223/784/1223
f 1180/787/1180 1230/788/1230 1312/789/1312 1231/790/1231
f 1180/787/1180 1227/791/1227 1308/792/1308 1230/788/1230
f 1180/787/1180 1224/793/1224 1310/794/1310 1227/791/1227
f 1180/787/1180 1231/790/1231 1314/795/1314 1224/793/1224
f 1181/796/1181 1222/797/1222 1310/794/1310 1224/793/1224
f 1181/796/1181 1223/784/1223 1309/786/1309 1222/797/1222
f 1181/796/1181 1233/798/1233 1313/785/1313 1223/784/1223
f 1181/796/1181 1224/793/1224 1314/795/1314 1233/798/1233
f 1182/799/1182 1227/791/1227 1310/794/1310 1239/800/1239
f 1182/799/1182 1238/801/1238 1308/792/1308 1227/791/1227
f 1182/799/1182 1237/802/1237 1316/803/1316 1238/801/1238
f 1182/799/1182 1239/800/1239 1318/804/1318 1237/802/1237
f 1183/805/1183 1228/806/1228 1312/789/1312 1230/807/1230
f 1183/805/1183 1229/779/1229 1311/783/1311 1228/806/1228
f 1183/805/1183 1225/808/1225 1307/780/1307 1229/779/1229
f 1183/805/1183 1230/807/1230 1308/809/1308 1225/808/1225
f 1184/810/1184 1233/798/1233 1314/795/1314 1231/790/1231
f 1184/810/1184 1232/782/1232 1313/785/1313 1233/798/1233
f 1184/810/1184 1228/806/1228 1311/783/1311 1232/782/1232
f 1184/810/1184 1231/790/1231 1312/789/1312 1228/806/1228
f 1185/811/1185 1236/812/1236 1315/813/1315 1247/814/1247
f 1185/811/1185 1246/815/1246 1317/816/1317 1236/812/1236
f 1185/811/1185 1244/817/1244 1321/818/1321 1246/815/1246
f 1185/811/1185 1247/814/1247 1319/819/1319 1244/817/1244
f 1186/820/1186 1225/808/1225 1308/809/1308 1238/821/1238
f 1186/820/1186 1240/822/1240 1307/780/1307 1225/808/1225
f 1186/820/1186 1235/823/1235 1315/813/1315 1240/822/1240
f 1186/820/1186 1238/821/1238 1316/824/1316 1235/823/1235
f 1187/825/1187 1226/781/1226 1307/780/1307 1240/822/1240
f 1187/825/1187 1241/826/1241 1309/786/1309 1226/781/1226
f 1187/825/1187 1236/812/1236 1317/816/1317 1241/826/1241
f 1187/825/1187 1240/822/1240 1315/813/1315 1236/812/1236
f 1188/827/1188 1222/797/1222 1309/786/1309 1241/826/1241
f 1188/827/1188 1239/800/1239 1310/794/1310 1222/797/1222
f 1188/827/1188 1234/828/1234 1318/804/1318 1239/800/1239
f 1188/827/1188 1241/826/1241 1317/816/1317 1234/828/1234
f 1189/829/1189 1245/830/1245 1322/831/1322 1255/832/1255
f 1189/829/1189 1254/833/1254 1320/834/1320 1245/830/1245
f 1189/829/1189 1253/835/1253 1324/836/1324 1254/833/1254
f 1189/829/1189 1255/832/1255 1326/837/1326 1253/835/1253
f 1190/838/1190 1234/828/1234 1317/816/1317 1246/815/1246
f 1190/838/1190 1248/839/1248 1318/804/1318 1234/828/1234
f 1190/838/1190 1242/840/1242 1322/831/1322 1248/839/1248
f 1190/838/1190 1246/815/1246 1321/818/1321 1242/840/1242
f 1191/841/1191 1237/802/1237 1318/804/1318 1248/839/1248
f 1191/841/1191 1249/842/1249 1316/803/1316 1237/802/1237
f 1191/841/1191 1245/830/1245 1320/834/1320 1249/842/1249
f 1191/841/1191 1248/839/1248 1322/831/1322 1245/830/1245
f 1192/843/1192 1235/823/1235 1316/824/1316 1249/844/1249
f 1192/843/1192 1247/814/1247 1315/813/1315 1235/823/1235
f 1192/843/1192 1243/845/1243 1319/819/1319 1247/814/1247
f 1192/843/1192 1249/844/1249 1320/846/1320 1243/845/1243
f 1193/847/1193 1251/848/1251 1324/849/1324 1263/850/1263
f 1193/847/1193 1262/851/1262 1323/852/1323 1251/848/1251
f 1193/847/1193 1259/853/1259 1327/854/1327 1262/851/1262
f 1193/847/1193 1263/850/1263 1328/855/1328 1259/853/1259
f 1194/856/1194 1243/845/1243 1320/846/1320 1254/857/1254
f 1194/856/1194 1256/858/1256 1319/819/1319 1243/845/1243
f 1194/856/1194 1251/848/1251 1323/852/1323 1256/858/1256
f 1194/856/1194 1254/857/1254 1324/849/1324 1251/848/1251
f 1195/859/1195 1244/817/1244 1319/819/1319 1256/858/1256
f 1195/859/1195 1257/860/1257 1321/818/1321 1244/817/1244
f 1195/859/1195 1252/861/1252 1325/862/1325 1257/860/1257
f 1195/859/1195 1256/858/1256 1323/852/1323 1252/861/1252
f 1196/863/1196 1242/840/1242 1321/818/1321 1257/860/1257
f 1196/863/1196 1255/832/1255 1322/831/1322 1242/840/1242
f 1196/863/1196 1250/864/1250 1326/837/1326 1255/832/1255
f 1196/863/1196 1257/860/1257 1325/862/1325 1250/864/1250
f 1197/865/1197 1260/866/1260 1327/854/1327 1271/867/1271
f 1197/865/1197 1270/868/1270 1329/869/1329 1260/866/1260
f 1197/865/1197 1268/870/1268 1333/871/1333 1270/868/1270
f 1197/865/1197 1271/867/1271 1331/872/1331 1268/870/1268
f 1198/873/1198 1252/861/1252 1323/852/1323 1262/851/1262
f 1198/873/1198 1264/874/1264 1325/862/1325 1252/861/1252
f 1198/873/1198 1260/866/1260 1329/869/1329 1264/874/1264
f 1198/873/1198 1262/851/1262 1327/854/1327 1260/866/1260
f 1199/875/1199 1250/864/1250 1325/862/1325 1264/874/1264
f 1199/875/1199 1265/876/1265 1326/837/1326 1250/864/1250
f 1199/875/1199 1258/877/1258 1330/878/1330 1265/876/1265
f 1199/875/1199 1264/874/1264 1329/869/1329 1258/877/1258
f 1200/879/1200 1253/835/1253 1326/837/1326 1265/876/1265
f 1200/879/1200 1263/617/1263 1324/836/1324 1253/835/1253
f 1200/879/1200 1261/880/1261 1328/881/1328 1263/617/1263
f 1200/879/1200 1265/876/1265 1330/878/1330 1261/880/1261
f 1201/882/1201 1269/883/1269 1334/884/1334 1279/885/1279
f 1201/882/1201 1278/886/1278 1332/887/1332 1269/883/1269
f 1201/882/1201 1277/627/1277 1336/626/1336 1278/886/1278
f 1201/882/1201 1279/885/1279 1338/628/1338 1277/627/1277
f 1202/888/1202 1258/877/1258 1329/869/1329 1270/868/1270
f 1202/888/1202 1272/889/1272 1330/878/1330 1258/877/1258
f 1202/888/1202 1266/890/1266 1334/884/1334 1272/889/1272
f 1202/888/1202 1270/868/1270 1333/871/1333 1266/890/1266
f 1203/891/1203 1261/880/1261 1330/878/1330 1272/889/1272
f 1203/891/1203 1273/892/1273 1328/881/1328 1261/880/1261
f 1203/891/1203 1269/883/1269 1332/887/1332 1273/892/1273
f 1203/891/1203 1272/889/1272 1334/884/1334 1269/883/1269
f 1204/893/1204 1259/853/1259 1328/855/1328 1273/894/1273
f 1204/893/1204 1271/867/1271 1327/854/1327 1259/853/1259
f 1204/893/1204 1267/895/1267 1331/872/1331 1271/867/1271
f 1204/893/1204 1273/894/1273 1332/896/1332 1267/895/1267
f 1205/897/1205 1284/898/1284 1341/899/1341 1295/900/1295
f 1205/897/1205 1294/901/1294 1339/902/1339 1284/898/1284
f 1205/897/1205 1291/903/1291 1345/904/1345 1294/901/1294
f 1205/897/1205 1295/900/1295 1346/905/1346 1291/903/1291
f 1206/906/1206 1267/895/1267 1332/896/1332 1278/907/1278
f 1206/906/1206 1280/908/1280 1331/872/1331 1267/895/1267
f 1206/906/1206 1275/909/1275 1335/910/1335 1280/908/1280
f 1206/906/1206 1278/907/1278 1336/911/1336 1275/909/1275
f 1207/912/1207 1268/870/1268 1331/872/1331 1280/908/1280
f 1207/912/1207 1281/913/1281 1333/871/1333 1268/870/1268
f 1207/912/1207 1276/656/1276 1337/655/1337 1281/913/1281
f 1207/912/1207 1280/908/1280 1335/910/1335 1276/656/1276
f 1208/914/1208 1266/890/1266 1333/871/1333 1281/913/1281
f 1208/914/1208 1279/885/1279 1334/884/1334 1266/890/1266
f 1208/914/1208 1274/658/1274 1338/628/1338 1279/885/1279
f 1208/914/1208 1281/913/1281 1337/655/1337 1274/658/1274
f 1209/915/1209 1283/916/1283 1340/917/1340 1285/918/1285
f 1209/915/1209 1284/898/1284 1339/902/1339 1283/916/1283
f 1209/915/1209 1282/919/1282 1341/899/1341 1284/898/1284
f 1209/915/1209 1285/918/1285 1342/920/1342 1282/919/1282
f 1210/921/1210 1274/658/1274 1337/655/1337 1286/922/1286
f 1210/921/1210 1288/923/1288 1338/628/1338 1274/658/1274
f 1210/921/1210 1282/919/1282 1342/920/1342 1288/923/1288
f 1210/921/1210 1286/922/1286 1341/899/1341 1282/919/1282
f 1211/924/1211 1277/627/1277 1338/628/1338 1288/923/1288
f 1211/924/1211 1289/669/1289 1336/626/1336 1277/627/1277
f 1211/924/1211 1285/918/1285 1340/917/1340 1289/669/1289
f 1211/924/1211 1288/923/1288 1342/920/1342 1285/918/1285
f 1212/925/1212 1275/909/1275 1336/911/1336 1289/926/1289
f 1212/925/1212 1287/927/1287 1335/910/1335 1275/909/1275
f 1212/925/1212 1283/916/1283 1339/902/1339 1287/927/1287
f 1212/925/1212 1289/926/1289 1340/917/1340 1283/916/1283
f 1213/928/1213 1293/929/1293 1345/904/1345 1303/930/1303
f 1213/928/1213 1302/931/1302 1343/932/1343 1293/929/1293
f 1213/928/1213 1301/933/1301 1347/933/1347 1302/931/1302
f 1213/928/1213 1303/930/1303 1349/934/1349 1301/933/1301
f 1214/935/1214 1276/656/1276 1335/910/1335 1297/936/1297
f 1214/935/1214 1296/937/1296 1337/655/1337 1276/656/1276
f 1214/935/1214 1290/938/1290 1344/939/1344 1296/937/1296
f 1214/935/1214 1297/936/1297 1343/932/1343 1290/938/1290
f 1215/940/1215 1287/927/1287 1339/902/1339 1294/901/1294
f 1215/940/1215 1297/936/1297 1335/910/1335 1287/927/1287
f 1215/940/1215 1293/929/1293 1343/932/1343 1297/936/1297
f 1215/940/1215 1294/901/1294 1345/904/1345 1293/929/1293
f 1216/941/1216 1286/922/1286 1337/655/1337 1296/937/1296
f 1216/941/1216 1295/900/1295 1341/899/1341 1286/922/1286
f 1216/941/1216 1292/942/1292 1346/905/1346 1295/900/1295
f 1216/941/1216 1296/937/1296 1344/939/1344 1292/942/1292
f 1217/933/1217 1298/943/1298 1347/933/1347 1301/933/1301
f 1217/933/1217 1300/944/1300 1348/943/1348 1298/943/1298
f 1217/933/1217 1299/945/1299 1350/945/1350 1300/944/1300
f 1217/933/1217 1301/933/1301 1349/934/1349 1299/945/1299
f 1218/946/1218 1291/903/1291 1346/905/1346 1304/947/1304
f 1218/946/1218 1303/930/1303 1345/904/1345 1291/903/1291
f 1218/946/1218 1299/945/1299 1349/934/1349 1303/930/1303
f 1218/946/1218 1304/947/1304 1350/945/1350 1299/945/1299
f 1219/948/1219 1292/942/1292 1344/939/1344 1305/949/1305
f 1219/948/1219 1304/947/1304 1346/905/1346 1292/942/1292
f 1219/948/1219 1300/944/1300 1350/945/1350 1304/947/1304
f 1219/948/1219 1305/949/1305 1348/943/1348 1300/944/1300
f 1220/950/1220 1290/938/1290 1343/932/1343 1302/931/1302
f 1220/950/1220 1305/949/1305 1344/939/1344 1290/938/1290
f 1220/950/1220 1298/943/1298 1348/943/1348 1305/949/1305
f 1220/950/1220 1302/931/1302 1347/933/1347 1298/943/1298
f 1221/699/1221 1238/702/1238 1308/701/1308 1230/700/1230
f 1221/699/1221 1249/704/1249 1316/703/1316 1238/702/1238
f 1221/699/1221 1254/706/1254 1320/705/1320 1249/704/1249
f 1221/699/1221 1263/708/1263 1324/707/1324 1254/706/1254
f 1221/699/1221 1273/710/1273 1328/709/1328 1263/708/1263
f 1221/699/1221 1278/712/1278 1332/711/1332 1273/710/1273
f 1221/699/1221 1289/714/1289 1336/713/1336 1278/712/1278
f 1221/699/1221 1306/716/1306 1340/715/1340 1289/714/1289
f 1221/699/1221 1230/700/1230 1312/717/1312 1306/716/1306
f 687/29/687 1354/719/1354 1352/718/1352 685/28/685
f 695/30/695 1362/720/1362 1354/719/1354 687/29/687
f 692/36/692 1359/722/1359 1360/721/1360 693/35/693
f 691/25/691 1358/723/1358 1359/722/1359 692/36/692
f 688/34/688 1355/725/1355 1356/724/1356 689/31/689
f 684/27/684 1351/727/1351 1353/726/1353 686/32/686
f 693/35/693 1360/721/1360 1361/728/1361 694/33/694
f 690/26/690 1357/729/1357 1358/723/1358 691/25/691
f 685/28/685 1352/718/1352 1351/727/1351 684/27/684
f 694/33/694 1361/728/1361 1362/720/1362 695/30/695
f 689/31/689 1356/724/1356 1357/729/1357 690/26/690
f 1359/951/1359 1371/733/1371 1372/732/1372 1360/952/1360
f 1358/953/1358 1370/735/1370 1371/733/1371 1359/951/1359
f 1355/736/1355 1367/739/1367 1368/738/1368 1356/954/1356
f 1351/955/1351 1363/743/1363 1365/742/1365 1353/741/1353
f 1360/952/1360 1372/732/1372 1373/745/1373 1361/956/1361
f 1357/957/1357 1369/747/1369 1370/735/1370 1358/953/1358
f 1352/958/1352 1364/749/1364 1363/743/1363 1351/955/1351
f 1361/956/1361 1373/745/1373 1374/751/1374 1362/959/1362
f 1356/954/1356 1368/738/1368 1369/747/1369 1357/957/1357
f 1354/960/1354 1366/753/1366 1364/749/1364 1352/958/1352
f 1362/959/1362 1374/751/1374 1366/753/1366 1354/960/1354
f 1382/754/1382 1383/757/1383 1381/756/1381 1377/755/1377
f 1385/758/1385 1386/761/1386 1378/760/1378 1376/759/1376
f 1383/757/1383 1384/762/1384 1381/756/1381
f 1386/761/1386 1387/764/1387 1380/763/1380 1378/760/1378
f 1378/760/1378 1380/763/1380 1384/762/1384 1383/757/1383
f 1376/759/1376 1378/760/1378 1383/757/1383 1382/754/1382
f 1379/765/1379 1387/764/1387 1386/761/1386
f 1375/766/1375 1379/765/1379 1386/761/1386 1385/758/1385
